timestamp,process_path,process_hash,source_ip,dest_ip,dest_domain,dest_port,bytes_sent,bytes_recv,protocol,dns_query,parent_process,user_context
2025-12-20T13:56:36.478922,C:\Users\brene\AppData\Local\Keybase\kbfsdokan.exe,0cc7f8a2f707d3904c35e2fd22ab344d,10.0.0.225,54.157.111.222,,443,136,0,TCP,,C:\Users\brene\AppData\Local\Keybase\keybase.exe,DEVIAN\brene
2025-12-20T13:56:36.603476,C:\Users\brene\AppData\Local\Keybase\kbfsdokan.exe,0cc7f8a2f707d3904c35e2fd22ab344d,54.157.111.222,10.0.0.225,,51072,0,109,TCP,,C:\Users\brene\AppData\Local\Keybase\keybase.exe,DEVIAN\brene
2025-12-20T13:56:36.606305,C:\Users\brene\AppData\Local\Keybase\kbfsdokan.exe,0cc7f8a2f707d3904c35e2fd22ab344d,10.0.0.225,54.157.111.222,,443,54,0,TCP,,C:\Users\brene\AppData\Local\Keybase\keybase.exe,DEVIAN\brene
2025-12-20T13:56:36.819286,unknown,unknown,10.0.0.41,239.255.255.250,,1900,0,0,UDP,,unknown,unknown
2025-12-20T13:56:36.891830,C:\Program Files\WindowsApps\Microsoft.MicrosoftOfficeHub_19.2512.46071.0_x64__8wekyb3d8bbwe\M365Copilot.exe,973ab71fb50519a3c03175a434eaac49,10.0.0.225,40.79.141.155,,443,477,0,TCP,,unknown,DEVIAN\brene
2025-12-20T13:56:36.932833,C:\Program Files\WindowsApps\Microsoft.MicrosoftOfficeHub_19.2512.46071.0_x64__8wekyb3d8bbwe\M365Copilot.exe,973ab71fb50519a3c03175a434eaac49,10.0.0.225,40.79.141.155,,443,2494,0,TCP,,unknown,DEVIAN\brene
2025-12-20T13:56:37.048197,C:\Program Files\WindowsApps\Microsoft.MicrosoftOfficeHub_19.2512.46071.0_x64__8wekyb3d8bbwe\M365Copilot.exe,973ab71fb50519a3c03175a434eaac49,40.79.141.155,10.0.0.225,,50976,0,54,TCP,,unknown,DEVIAN\brene
2025-12-20T13:56:37.065231,C:\Program Files\WindowsApps\Microsoft.MicrosoftOfficeHub_19.2512.46071.0_x64__8wekyb3d8bbwe\M365Copilot.exe,973ab71fb50519a3c03175a434eaac49,40.79.141.155,10.0.0.225,,50976,0,499,TCP,,unknown,DEVIAN\brene
2025-12-20T13:56:37.072168,C:\Program Files\WindowsApps\Microsoft.MicrosoftOfficeHub_19.2512.46071.0_x64__8wekyb3d8bbwe\M365Copilot.exe,973ab71fb50519a3c03175a434eaac49,10.0.0.225,40.79.141.155,,443,54,0,TCP,,unknown,DEVIAN\brene
2025-12-20T13:56:37.740827,unknown,unknown,10.0.0.41,10.0.0.255,,137,0,0,UDP,,unknown,unknown
2025-12-20T13:56:37.774897,unknown,unknown,10.0.0.41,239.255.255.250,,1900,0,0,UDP,,unknown,unknown
2025-12-20T13:56:38.560937,unknown,unknown,10.0.0.41,10.0.0.255,,137,0,0,UDP,,unknown,unknown
2025-12-20T13:56:38.867623,unknown,unknown,10.0.0.41,239.255.255.250,,1900,0,0,UDP,,unknown,unknown
2025-12-20T13:56:39.232710,unknown,unknown,10.0.0.41,10.0.0.255,,137,0,0,UDP,,unknown,unknown
2025-12-20T13:56:39.790288,unknown,unknown,10.0.0.41,239.255.255.250,,1900,0,0,UDP,,unknown,unknown
2025-12-20T13:56:41.271393,unknown,unknown,10.0.0.225,91.189.91.157,,123,90,0,UDP,,unknown,unknown
2025-12-20T13:56:41.346372,unknown,unknown,91.189.91.157,10.0.0.225,,51177,0,90,UDP,,unknown,unknown
2025-12-20T13:56:41.837136,unknown,unknown,10.0.0.1,224.0.0.1,,0,0,0,OTHER,,unknown,unknown
2025-12-20T13:56:42.439717,C:\Users\brene\AppData\Local\Keybase\keybase.exe,863a3d9a02a9209ee1da10564a775adb,10.0.0.225,44.215.74.30,,443,106,0,TCP,,C:\Users\brene\AppData\Local\Keybase\keybase.exe,DEVIAN\brene
2025-12-20T13:56:42.578848,C:\Users\brene\AppData\Local\Keybase\keybase.exe,863a3d9a02a9209ee1da10564a775adb,44.215.74.30,10.0.0.225,,60209,0,83,TCP,,C:\Users\brene\AppData\Local\Keybase\keybase.exe,DEVIAN\brene
2025-12-20T13:56:42.581988,C:\Users\brene\AppData\Local\Keybase\keybase.exe,863a3d9a02a9209ee1da10564a775adb,10.0.0.225,44.215.74.30,,443,54,0,TCP,,C:\Users\brene\AppData\Local\Keybase\keybase.exe,DEVIAN\brene
2025-12-20T13:56:42.863723,unknown,unknown,10.0.0.79,224.0.0.251,,0,0,0,OTHER,,unknown,unknown
2025-12-20T13:56:42.917863,C:\Program Files\WindowsApps\Microsoft.MicrosoftOfficeHub_19.2512.46071.0_x64__8wekyb3d8bbwe\M365Copilot.exe,973ab71fb50519a3c03175a434eaac49,10.0.0.225,104.208.16.90,,443,506,0,TCP,,unknown,DEVIAN\brene
2025-12-20T13:56:42.922519,C:\Program Files\WindowsApps\Microsoft.MicrosoftOfficeHub_19.2512.46071.0_x64__8wekyb3d8bbwe\M365Copilot.exe,973ab71fb50519a3c03175a434eaac49,10.0.0.225,104.208.16.90,,443,1264,0,TCP,,unknown,DEVIAN\brene
2025-12-20T13:56:42.981009,C:\Program Files\WindowsApps\Microsoft.MicrosoftOfficeHub_19.2512.46071.0_x64__8wekyb3d8bbwe\M365Copilot.exe,973ab71fb50519a3c03175a434eaac49,104.208.16.90,10.0.0.225,,50977,0,54,TCP,,unknown,DEVIAN\brene
2025-12-20T13:56:43.277135,unknown,unknown,10.0.0.79,224.0.0.252,,0,0,0,OTHER,,unknown,unknown
2025-12-20T13:56:44.025580,C:\Program Files\WindowsApps\Microsoft.MicrosoftOfficeHub_19.2512.46071.0_x64__8wekyb3d8bbwe\M365Copilot.exe,973ab71fb50519a3c03175a434eaac49,104.208.16.90,10.0.0.225,,50977,0,500,TCP,,unknown,DEVIAN\brene
2025-12-20T13:56:44.031238,C:\Program Files\WindowsApps\Microsoft.MicrosoftOfficeHub_19.2512.46071.0_x64__8wekyb3d8bbwe\M365Copilot.exe,973ab71fb50519a3c03175a434eaac49,10.0.0.225,104.208.16.90,,443,54,0,TCP,,unknown,DEVIAN\brene
2025-12-20T13:56:44.753915,unknown,unknown,10.0.0.225,64.59.144.17,_ldap._tcp.dc._msdcs.vf.shawcable.net,53,97,0,UDP,_ldap._tcp.dc._msdcs.vf.shawcable.net,unknown,unknown
2025-12-20T13:56:44.795205,unknown,unknown,64.59.144.17,10.0.0.225,_ldap._tcp.dc._msdcs.vf.shawcable.net,51323,0,162,UDP,_ldap._tcp.dc._msdcs.vf.shawcable.net,unknown,unknown
2025-12-20T13:56:44.847479,unknown,unknown,10.0.0.225,239.255.255.250,,3702,1118,0,UDP,,unknown,unknown
2025-12-20T13:56:44.965228,unknown,unknown,10.0.0.225,239.255.255.250,,3702,1118,0,UDP,,unknown,unknown
2025-12-20T13:56:45.012699,unknown,unknown,10.0.0.41,10.0.0.225,_ldap._tcp.dc._msdcs.vf.shawcable.net,5357,0,66,TCP,,unknown,unknown
2025-12-20T13:56:45.031428,unknown,unknown,10.0.0.225,10.0.0.41,,57413,66,0,TCP,,unknown,unknown
2025-12-20T13:56:45.047695,unknown,unknown,10.0.0.41,10.0.0.225,_ldap._tcp.dc._msdcs.vf.shawcable.net,5357,0,54,TCP,,unknown,unknown
2025-12-20T13:56:45.061179,unknown,unknown,10.0.0.41,10.0.0.225,_ldap._tcp.dc._msdcs.vf.shawcable.net,5357,0,1010,TCP,,unknown,unknown
2025-12-20T13:56:45.079826,unknown,unknown,10.0.0.225,10.0.0.41,,57413,2396,0,TCP,,unknown,unknown
2025-12-20T13:56:45.094925,unknown,unknown,10.0.0.41,10.0.0.225,_ldap._tcp.dc._msdcs.vf.shawcable.net,5357,0,54,TCP,,unknown,unknown
2025-12-20T13:56:45.113618,unknown,unknown,10.0.0.41,10.0.0.225,_ldap._tcp.dc._msdcs.vf.shawcable.net,5357,0,54,TCP,,unknown,unknown
2025-12-20T13:56:45.132009,unknown,unknown,10.0.0.225,10.0.0.41,,57413,54,0,TCP,,unknown,unknown
2025-12-20T13:56:45.135618,unknown,unknown,10.0.0.41,10.0.0.225,_ldap._tcp.dc._msdcs.vf.shawcable.net,5357,0,54,TCP,,unknown,unknown
2025-12-20T13:56:45.196468,unknown,unknown,10.0.0.225,239.255.255.250,,3702,1118,0,UDP,,unknown,unknown
2025-12-20T13:56:45.312074,unknown,unknown,10.0.0.225,64.59.144.17,_ldap._tcp.dc._msdcs.vf.shawcable.net,53,97,0,UDP,_ldap._tcp.dc._msdcs.vf.shawcable.net,unknown,unknown
2025-12-20T13:56:45.338927,unknown,unknown,64.59.144.17,10.0.0.225,_ldap._tcp.dc._msdcs.vf.shawcable.net,58217,0,162,UDP,_ldap._tcp.dc._msdcs.vf.shawcable.net,unknown,unknown
2025-12-20T13:56:45.633252,unknown,unknown,10.0.0.225,239.255.255.250,,3702,1118,0,UDP,,unknown,unknown
2025-12-20T13:56:46.345361,unknown,unknown,10.0.0.225,64.59.144.17,_ldap._tcp.dc._msdcs.vf.shawcable.net,53,97,0,UDP,_ldap._tcp.dc._msdcs.vf.shawcable.net,unknown,unknown
2025-12-20T13:56:46.357909,unknown,unknown,64.59.144.17,10.0.0.225,_ldap._tcp.dc._msdcs.vf.shawcable.net,58217,0,162,UDP,_ldap._tcp.dc._msdcs.vf.shawcable.net,unknown,unknown
2025-12-20T13:56:46.481925,C:\Users\brene\AppData\Local\Keybase\kbfsdokan.exe,0cc7f8a2f707d3904c35e2fd22ab344d,10.0.0.225,54.157.111.222,,443,136,0,TCP,,C:\Users\brene\AppData\Local\Keybase\keybase.exe,DEVIAN\brene
2025-12-20T13:56:46.547874,unknown,unknown,10.0.0.162,239.255.255.250,,0,0,0,OTHER,,unknown,unknown
2025-12-20T13:56:46.556980,C:\Users\brene\AppData\Local\Keybase\kbfsdokan.exe,0cc7f8a2f707d3904c35e2fd22ab344d,54.157.111.222,10.0.0.225,_ldap._tcp.dc._msdcs.vf.shawcable.net,51072,0,109,TCP,,C:\Users\brene\AppData\Local\Keybase\keybase.exe,DEVIAN\brene
2025-12-20T13:56:46.613582,C:\Users\brene\AppData\Local\Keybase\kbfsdokan.exe,0cc7f8a2f707d3904c35e2fd22ab344d,10.0.0.225,54.157.111.222,,443,54,0,TCP,,C:\Users\brene\AppData\Local\Keybase\keybase.exe,DEVIAN\brene
2025-12-20T13:56:50.258026,C:\Users\brene\AppData\Local\AnthropicClaude\app-1.0.2339\claude.exe,ed0b8e180a8874534a7d985e55f985b3,18.97.36.77,10.0.0.225,_ldap._tcp.dc._msdcs.vf.shawcable.net,57864,0,78,TCP,,C:\Users\brene\AppData\Local\AnthropicClaude\app-1.0.2339\claude.exe,DEVIAN\brene
2025-12-20T13:56:51.016706,C:\Users\brene\AppData\Local\AnthropicClaude\app-1.0.2339\claude.exe,ed0b8e180a8874534a7d985e55f985b3,10.0.0.225,18.97.36.77,,443,82,0,TCP,,C:\Users\brene\AppData\Local\AnthropicClaude\app-1.0.2339\claude.exe,DEVIAN\brene
2025-12-20T13:56:51.018569,C:\Users\brene\AppData\Local\AnthropicClaude\app-1.0.2339\claude.exe,ed0b8e180a8874534a7d985e55f985b3,18.97.36.77,10.0.0.225,_ldap._tcp.dc._msdcs.vf.shawcable.net,57864,0,60,TCP,,C:\Users\brene\AppData\Local\AnthropicClaude\app-1.0.2339\claude.exe,DEVIAN\brene
2025-12-20T13:56:51.021164,C:\Users\brene\AppData\Local\AnthropicClaude\app-1.0.2339\claude.exe,ed0b8e180a8874534a7d985e55f985b3,10.0.0.225,18.97.36.77,,443,294,0,TCP,,C:\Users\brene\AppData\Local\AnthropicClaude\app-1.0.2339\claude.exe,DEVIAN\brene
2025-12-20T13:56:51.023372,C:\Program Files (x86)\Microsoft\EdgeWebView\Application\143.0.3650.96\msedgewebview2.exe,b3d8670a1d473bfc160824b84587cf06,10.0.0.225,51.116.246.104,,443,54,0,TCP,,C:\Program Files (x86)\Microsoft\EdgeWebView\Application\143.0.3650.96\msedgewebview2.exe,DEVIAN\brene
2025-12-20T13:56:51.041151,C:\Program Files (x86)\Microsoft\EdgeWebView\Application\143.0.3650.96\msedgewebview2.exe,b3d8670a1d473bfc160824b84587cf06,10.0.0.225,51.116.246.104,,443,54,0,TCP,,C:\Program Files (x86)\Microsoft\EdgeWebView\Application\143.0.3650.96\msedgewebview2.exe,DEVIAN\brene
2025-12-20T13:56:51.043596,unknown,unknown,10.0.0.225,239.255.255.250,,3702,1118,0,UDP,,unknown,unknown
2025-12-20T13:56:51.046648,C:\Users\brene\AppData\Local\AnthropicClaude\app-1.0.2339\claude.exe,ed0b8e180a8874534a7d985e55f985b3,18.97.36.77,10.0.0.225,_ldap._tcp.dc._msdcs.vf.shawcable.net,57864,0,60,TCP,,C:\Users\brene\AppData\Local\AnthropicClaude\app-1.0.2339\claude.exe,DEVIAN\brene
2025-12-20T13:56:51.049448,C:\Users\brene\AppData\Local\AnthropicClaude\app-1.0.2339\claude.exe,ed0b8e180a8874534a7d985e55f985b3,18.97.36.77,10.0.0.225,_ldap._tcp.dc._msdcs.vf.shawcable.net,57864,0,172,TCP,,C:\Users\brene\AppData\Local\AnthropicClaude\app-1.0.2339\claude.exe,DEVIAN\brene
2025-12-20T13:56:51.051971,C:\Users\brene\AppData\Local\AnthropicClaude\app-1.0.2339\claude.exe,ed0b8e180a8874534a7d985e55f985b3,10.0.0.225,18.97.36.77,,443,54,0,TCP,,C:\Users\brene\AppData\Local\AnthropicClaude\app-1.0.2339\claude.exe,DEVIAN\brene
2025-12-20T13:56:51.058601,unknown,unknown,51.116.246.104,10.0.0.225,_ldap._tcp.dc._msdcs.vf.shawcable.net,56933,0,54,TCP,,unknown,unknown
2025-12-20T13:56:51.061243,unknown,unknown,10.0.0.225,51.116.246.104,,443,54,0,TCP,,unknown,unknown
2025-12-20T13:56:51.064050,unknown,unknown,51.116.246.104,10.0.0.225,_ldap._tcp.dc._msdcs.vf.shawcable.net,57596,0,54,TCP,,unknown,unknown
2025-12-20T13:56:51.066478,unknown,unknown,10.0.0.225,51.116.246.104,,443,54,0,TCP,,unknown,unknown
2025-12-20T13:56:51.110180,unknown,unknown,10.0.0.41,10.0.0.225,_ldap._tcp.dc._msdcs.vf.shawcable.net,5357,0,66,TCP,,unknown,unknown
2025-12-20T13:56:51.128360,unknown,unknown,10.0.0.225,10.0.0.41,,57415,66,0,TCP,,unknown,unknown
2025-12-20T13:56:51.144963,unknown,unknown,10.0.0.41,10.0.0.225,_ldap._tcp.dc._msdcs.vf.shawcable.net,5357,0,54,TCP,,unknown,unknown
2025-12-20T13:56:51.159232,unknown,unknown,10.0.0.41,10.0.0.225,_ldap._tcp.dc._msdcs.vf.shawcable.net,5357,0,1010,TCP,,unknown,unknown
2025-12-20T13:56:51.162383,unknown,unknown,10.0.0.225,10.0.0.41,,57415,2396,0,TCP,,unknown,unknown
2025-12-20T13:56:51.165162,unknown,unknown,10.0.0.41,10.0.0.225,_ldap._tcp.dc._msdcs.vf.shawcable.net,5357,0,54,TCP,,unknown,unknown
2025-12-20T13:56:51.169962,unknown,unknown,10.0.0.41,10.0.0.225,_ldap._tcp.dc._msdcs.vf.shawcable.net,5357,0,54,TCP,,unknown,unknown
2025-12-20T13:56:51.172361,unknown,unknown,10.0.0.225,10.0.0.41,,57415,54,0,TCP,,unknown,unknown
2025-12-20T13:56:51.174764,unknown,unknown,10.0.0.41,10.0.0.225,_ldap._tcp.dc._msdcs.vf.shawcable.net,5357,0,54,TCP,,unknown,unknown
2025-12-20T13:56:51.180186,unknown,unknown,10.0.0.225,239.255.255.250,,3702,1118,0,UDP,,unknown,unknown
2025-12-20T13:56:51.632704,unknown,unknown,10.0.0.225,239.255.255.250,,3702,1118,0,UDP,,unknown,unknown
2025-12-20T13:56:52.099850,unknown,unknown,10.0.0.225,239.255.255.250,,3702,1118,0,UDP,,unknown,unknown
2025-12-20T13:56:52.439242,C:\Users\brene\AppData\Local\Keybase\keybase.exe,863a3d9a02a9209ee1da10564a775adb,10.0.0.225,44.215.74.30,,443,106,0,TCP,,C:\Users\brene\AppData\Local\Keybase\keybase.exe,DEVIAN\brene
2025-12-20T13:56:52.517482,C:\Users\brene\AppData\Local\Keybase\keybase.exe,863a3d9a02a9209ee1da10564a775adb,44.215.74.30,10.0.0.225,_ldap._tcp.dc._msdcs.vf.shawcable.net,60209,0,83,TCP,,C:\Users\brene\AppData\Local\Keybase\keybase.exe,DEVIAN\brene
2025-12-20T13:56:52.564079,C:\Users\brene\AppData\Local\Keybase\keybase.exe,863a3d9a02a9209ee1da10564a775adb,10.0.0.225,44.215.74.30,,443,54,0,TCP,,C:\Users\brene\AppData\Local\Keybase\keybase.exe,DEVIAN\brene
2025-12-20T13:56:52.902517,unknown,unknown,10.0.0.225,64.59.144.17,wpad.vf.shawcable.net,53,81,0,UDP,wpad.vf.shawcable.net,unknown,unknown
2025-12-20T13:56:52.909124,unknown,unknown,10.0.0.225,64.59.144.17,wpad.vf.shawcable.net,53,81,0,UDP,wpad.vf.shawcable.net,unknown,unknown
2025-12-20T13:56:52.923429,unknown,unknown,64.59.144.17,10.0.0.225,wpad.vf.shawcable.net,58749,0,163,UDP,wpad.vf.shawcable.net,unknown,unknown
2025-12-20T13:56:52.933833,unknown,unknown,64.59.144.17,10.0.0.225,wpad.vf.shawcable.net,58217,0,117,UDP,wpad.vf.shawcable.net,unknown,unknown
2025-12-20T13:56:52.942052,unknown,unknown,10.0.0.225,64.59.144.17,wpad.vf.shawcable.net,53,81,0,UDP,wpad.vf.shawcable.net,unknown,unknown
2025-12-20T13:56:52.958811,unknown,unknown,10.0.0.225,64.59.144.17,wpad.vf.shawcable.net,53,81,0,UDP,wpad.vf.shawcable.net,unknown,unknown
2025-12-20T13:56:52.970201,unknown,unknown,10.0.0.225,64.59.144.17,wpad.vf.shawcable.net,53,81,0,UDP,wpad.vf.shawcable.net,unknown,unknown
2025-12-20T13:56:52.975660,unknown,unknown,10.0.0.225,64.59.144.17,wpad.vf.shawcable.net,53,81,0,UDP,wpad.vf.shawcable.net,unknown,unknown
2025-12-20T13:56:52.984137,unknown,unknown,10.0.0.225,64.59.144.17,wpad.vf.shawcable.net,53,81,0,UDP,wpad.vf.shawcable.net,unknown,unknown
2025-12-20T13:56:52.990403,unknown,unknown,10.0.0.225,64.59.144.17,wpad.vf.shawcable.net,53,81,0,UDP,wpad.vf.shawcable.net,unknown,unknown
2025-12-20T13:56:52.996540,unknown,unknown,10.0.0.225,64.59.150.133,wpad.vf.shawcable.net,53,81,0,UDP,wpad.vf.shawcable.net,unknown,unknown
2025-12-20T13:56:53.002071,unknown,unknown,10.0.0.225,64.59.144.17,wpad.vf.shawcable.net,53,81,0,UDP,wpad.vf.shawcable.net,unknown,unknown
2025-12-20T13:56:53.008252,unknown,unknown,10.0.0.225,64.59.144.17,wpad.vf.shawcable.net,53,81,0,UDP,wpad.vf.shawcable.net,unknown,unknown
2025-12-20T13:56:53.013698,unknown,unknown,10.0.0.225,64.59.144.17,wpad.vf.shawcable.net,53,81,0,UDP,wpad.vf.shawcable.net,unknown,unknown
2025-12-20T13:56:53.019896,unknown,unknown,10.0.0.225,64.59.144.17,wpad.vf.shawcable.net,53,81,0,UDP,wpad.vf.shawcable.net,unknown,unknown
2025-12-20T13:56:53.026573,unknown,unknown,10.0.0.225,64.59.144.17,wpad.vf.shawcable.net,53,81,0,UDP,wpad.vf.shawcable.net,unknown,unknown
2025-12-20T13:56:53.033034,unknown,unknown,10.0.0.225,64.59.144.17,wpad.vf.shawcable.net,53,81,0,UDP,wpad.vf.shawcable.net,unknown,unknown
2025-12-20T13:56:53.039205,unknown,unknown,10.0.0.225,64.59.150.133,wpad.vf.shawcable.net,53,81,0,UDP,wpad.vf.shawcable.net,unknown,unknown
2025-12-20T13:56:53.044430,unknown,unknown,10.0.0.225,64.59.150.133,wpad.vf.shawcable.net,53,81,0,UDP,wpad.vf.shawcable.net,unknown,unknown
2025-12-20T13:56:53.049445,unknown,unknown,10.0.0.225,64.59.144.17,wpad.vf.shawcable.net,53,81,0,UDP,wpad.vf.shawcable.net,unknown,unknown
2025-12-20T13:56:53.055471,unknown,unknown,10.0.0.225,64.59.144.17,wpad.vf.shawcable.net,53,81,0,UDP,wpad.vf.shawcable.net,unknown,unknown
2025-12-20T13:56:53.060260,unknown,unknown,10.0.0.225,64.59.144.17,wpad.vf.shawcable.net,53,81,0,UDP,wpad.vf.shawcable.net,unknown,unknown
2025-12-20T13:56:53.065159,unknown,unknown,10.0.0.225,64.59.144.17,wpad.vf.shawcable.net,53,81,0,UDP,wpad.vf.shawcable.net,unknown,unknown
2025-12-20T13:56:53.069872,unknown,unknown,10.0.0.225,64.59.144.17,wpad.vf.shawcable.net,53,81,0,UDP,wpad.vf.shawcable.net,unknown,unknown
2025-12-20T13:56:53.075033,unknown,unknown,10.0.0.225,64.59.144.17,wpad.vf.shawcable.net,53,81,0,UDP,wpad.vf.shawcable.net,unknown,unknown
2025-12-20T13:56:53.080718,unknown,unknown,64.59.150.133,10.0.0.225,wpad.vf.shawcable.net,59283,0,163,UDP,wpad.vf.shawcable.net,unknown,unknown
2025-12-20T13:56:53.089790,unknown,unknown,64.59.144.17,10.0.0.225,wpad.vf.shawcable.net,51750,0,117,UDP,wpad.vf.shawcable.net,unknown,unknown
2025-12-20T13:56:53.096784,unknown,unknown,64.59.144.17,10.0.0.225,wpad.vf.shawcable.net,59825,0,117,UDP,wpad.vf.shawcable.net,unknown,unknown
2025-12-20T13:56:53.104615,unknown,unknown,64.59.144.17,10.0.0.225,wpad.vf.shawcable.net,62112,0,163,UDP,wpad.vf.shawcable.net,unknown,unknown
2025-12-20T13:56:53.112818,unknown,unknown,64.59.144.17,10.0.0.225,wpad.vf.shawcable.net,49664,0,163,UDP,wpad.vf.shawcable.net,unknown,unknown
2025-12-20T13:56:53.117747,unknown,unknown,64.59.144.17,10.0.0.225,wpad.vf.shawcable.net,57493,0,163,UDP,wpad.vf.shawcable.net,unknown,unknown
2025-12-20T13:56:53.121936,unknown,unknown,64.59.144.17,10.0.0.225,wpad.vf.shawcable.net,60858,0,163,UDP,wpad.vf.shawcable.net,unknown,unknown
2025-12-20T13:56:53.126735,unknown,unknown,64.59.144.17,10.0.0.225,wpad.vf.shawcable.net,51548,0,163,UDP,wpad.vf.shawcable.net,unknown,unknown
2025-12-20T13:56:53.131197,unknown,unknown,64.59.144.17,10.0.0.225,wpad.vf.shawcable.net,62159,0,117,UDP,wpad.vf.shawcable.net,unknown,unknown
2025-12-20T13:56:53.135829,unknown,unknown,64.59.144.17,10.0.0.225,wpad.vf.shawcable.net,58858,0,163,UDP,wpad.vf.shawcable.net,unknown,unknown
2025-12-20T13:56:53.141522,unknown,unknown,64.59.144.17,10.0.0.225,wpad.vf.shawcable.net,56012,0,163,UDP,wpad.vf.shawcable.net,unknown,unknown
2025-12-20T13:56:53.145118,unknown,unknown,64.59.150.133,10.0.0.225,wpad.vf.shawcable.net,53991,0,117,UDP,wpad.vf.shawcable.net,unknown,unknown
2025-12-20T13:56:53.148252,unknown,unknown,64.59.150.133,10.0.0.225,wpad.vf.shawcable.net,59689,0,163,UDP,wpad.vf.shawcable.net,unknown,unknown
2025-12-20T13:56:53.150978,unknown,unknown,64.59.144.17,10.0.0.225,wpad.vf.shawcable.net,64077,0,163,UDP,wpad.vf.shawcable.net,unknown,unknown
2025-12-20T13:56:53.153715,unknown,unknown,64.59.144.17,10.0.0.225,wpad.vf.shawcable.net,59554,0,163,UDP,wpad.vf.shawcable.net,unknown,unknown
2025-12-20T13:56:53.156395,unknown,unknown,64.59.144.17,10.0.0.225,wpad.vf.shawcable.net,49743,0,117,UDP,wpad.vf.shawcable.net,unknown,unknown
2025-12-20T13:56:53.160226,unknown,unknown,64.59.144.17,10.0.0.225,wpad.vf.shawcable.net,51847,0,163,UDP,wpad.vf.shawcable.net,unknown,unknown
2025-12-20T13:56:53.166253,unknown,unknown,64.59.144.17,10.0.0.225,wpad.vf.shawcable.net,56811,0,117,UDP,wpad.vf.shawcable.net,unknown,unknown
2025-12-20T13:56:53.169775,unknown,unknown,64.59.144.17,10.0.0.225,wpad.vf.shawcable.net,54751,0,117,UDP,wpad.vf.shawcable.net,unknown,unknown
2025-12-20T13:56:53.173485,unknown,unknown,64.59.144.17,10.0.0.225,wpad.vf.shawcable.net,53615,0,163,UDP,wpad.vf.shawcable.net,unknown,unknown
2025-12-20T13:56:53.183018,unknown,unknown,10.0.0.225,64.59.144.17,wpad.vf.shawcable.net,53,81,0,UDP,wpad.vf.shawcable.net,unknown,unknown
2025-12-20T13:56:53.186528,unknown,unknown,10.0.0.225,64.59.144.17,wpad.vf.shawcable.net,53,81,0,UDP,wpad.vf.shawcable.net,unknown,unknown
2025-12-20T13:56:53.189953,unknown,unknown,10.0.0.225,64.59.144.17,wpad.vf.shawcable.net,53,81,0,UDP,wpad.vf.shawcable.net,unknown,unknown
2025-12-20T13:56:53.194371,unknown,unknown,10.0.0.225,64.59.144.17,wpad.vf.shawcable.net,53,81,0,UDP,wpad.vf.shawcable.net,unknown,unknown
2025-12-20T13:56:53.199123,unknown,unknown,10.0.0.225,64.59.144.17,wpad.vf.shawcable.net,53,81,0,UDP,wpad.vf.shawcable.net,unknown,unknown
2025-12-20T13:56:53.204419,unknown,unknown,64.59.144.17,10.0.0.225,wpad.vf.shawcable.net,50092,0,163,UDP,wpad.vf.shawcable.net,unknown,unknown
2025-12-20T13:56:53.209476,unknown,unknown,10.0.0.225,64.59.144.17,wpad.vf.shawcable.net,53,81,0,UDP,wpad.vf.shawcable.net,unknown,unknown
2025-12-20T13:56:53.214057,unknown,unknown,10.0.0.225,64.59.144.17,wpad.vf.shawcable.net,53,81,0,UDP,wpad.vf.shawcable.net,unknown,unknown
2025-12-20T13:56:53.217860,unknown,unknown,10.0.0.225,64.59.144.17,wpad.vf.shawcable.net,53,81,0,UDP,wpad.vf.shawcable.net,unknown,unknown
2025-12-20T13:56:53.222322,unknown,unknown,10.0.0.225,64.59.144.17,wpad.vf.shawcable.net,53,81,0,UDP,wpad.vf.shawcable.net,unknown,unknown
2025-12-20T13:56:53.229084,unknown,unknown,10.0.0.225,64.59.150.133,wpad.vf.shawcable.net,53,66,0,TCP,,unknown,unknown
2025-12-20T13:56:53.232490,unknown,unknown,10.0.0.225,64.59.144.17,wpad.vf.shawcable.net,53,81,0,UDP,wpad.vf.shawcable.net,unknown,unknown
2025-12-20T13:56:53.238602,unknown,unknown,10.0.0.225,64.59.144.17,wpad.vf.shawcable.net,53,81,0,UDP,wpad.vf.shawcable.net,unknown,unknown
2025-12-20T13:56:53.243849,unknown,unknown,10.0.0.225,64.59.150.133,wpad.vf.shawcable.net,53,66,0,TCP,,unknown,unknown
2025-12-20T13:56:53.247731,unknown,unknown,10.0.0.225,64.59.144.17,wpad.vf.shawcable.net,53,81,0,UDP,wpad.vf.shawcable.net,unknown,unknown
2025-12-20T13:56:53.252738,unknown,unknown,10.0.0.225,64.59.144.17,wpad.vf.shawcable.net,53,81,0,UDP,wpad.vf.shawcable.net,unknown,unknown
2025-12-20T13:56:53.257655,unknown,unknown,10.0.0.225,64.59.144.17,wpad.vf.shawcable.net,53,81,0,UDP,wpad.vf.shawcable.net,unknown,unknown
2025-12-20T13:56:53.262295,unknown,unknown,10.0.0.225,64.59.150.133,wpad.vf.shawcable.net,53,66,0,TCP,,unknown,unknown
2025-12-20T13:56:53.266681,unknown,unknown,10.0.0.225,64.59.144.17,wpad.vf.shawcable.net,53,81,0,UDP,wpad.vf.shawcable.net,unknown,unknown
2025-12-20T13:56:53.271722,unknown,unknown,10.0.0.225,64.59.144.17,wpad.vf.shawcable.net,53,81,0,UDP,wpad.vf.shawcable.net,unknown,unknown
2025-12-20T13:56:53.276817,unknown,unknown,10.0.0.225,64.59.144.17,wpad.vf.shawcable.net,53,66,0,TCP,,unknown,unknown
2025-12-20T13:56:53.279269,unknown,unknown,10.0.0.225,64.59.144.17,wpad.vf.shawcable.net,53,81,0,UDP,wpad.vf.shawcable.net,unknown,unknown
2025-12-20T13:56:53.284023,unknown,unknown,10.0.0.225,64.59.144.17,wpad.vf.shawcable.net,53,66,0,TCP,,unknown,unknown
2025-12-20T13:56:53.288044,unknown,unknown,10.0.0.225,64.59.144.17,wpad.vf.shawcable.net,53,81,0,UDP,wpad.vf.shawcable.net,unknown,unknown
2025-12-20T13:56:53.290920,unknown,unknown,10.0.0.225,64.59.144.17,wpad.vf.shawcable.net,53,81,0,UDP,wpad.vf.shawcable.net,unknown,unknown
2025-12-20T13:56:53.293286,unknown,unknown,10.0.0.225,64.59.144.17,wpad.vf.shawcable.net,53,66,0,TCP,,unknown,unknown
2025-12-20T13:56:53.295658,unknown,unknown,10.0.0.225,64.59.144.17,wpad.vf.shawcable.net,53,81,0,UDP,wpad.vf.shawcable.net,unknown,unknown
2025-12-20T13:56:53.298717,unknown,unknown,10.0.0.225,64.59.144.17,wpad.vf.shawcable.net,53,66,0,TCP,,unknown,unknown
2025-12-20T13:56:53.302871,unknown,unknown,10.0.0.225,64.59.144.17,wpad.vf.shawcable.net,53,81,0,UDP,wpad.vf.shawcable.net,unknown,unknown
2025-12-20T13:56:53.307343,unknown,unknown,10.0.0.225,64.59.144.17,wpad.vf.shawcable.net,53,66,0,TCP,,unknown,unknown
2025-12-20T13:56:53.312194,unknown,unknown,10.0.0.225,64.59.144.17,wpad.vf.shawcable.net,53,66,0,TCP,,unknown,unknown
2025-12-20T13:56:53.314765,unknown,unknown,10.0.0.225,64.59.150.133,wpad.vf.shawcable.net,53,66,0,TCP,,unknown,unknown
2025-12-20T13:56:53.318016,unknown,unknown,10.0.0.225,64.59.150.133,wpad.vf.shawcable.net,53,66,0,TCP,,unknown,unknown
2025-12-20T13:56:53.323440,unknown,unknown,10.0.0.225,64.59.150.133,wpad.vf.shawcable.net,53,66,0,TCP,,unknown,unknown
2025-12-20T13:56:53.327778,unknown,unknown,10.0.0.225,64.59.144.17,wpad.vf.shawcable.net,53,66,0,TCP,,unknown,unknown
2025-12-20T13:56:53.331330,unknown,unknown,10.0.0.225,64.59.144.17,wpad.vf.shawcable.net,53,66,0,TCP,,unknown,unknown
2025-12-20T13:56:53.335302,unknown,unknown,10.0.0.225,64.59.144.17,wpad.vf.shawcable.net,53,66,0,TCP,,unknown,unknown
2025-12-20T13:56:53.340196,unknown,unknown,64.59.144.17,10.0.0.225,wpad.vf.shawcable.net,53133,0,163,UDP,wpad.vf.shawcable.net,unknown,unknown
2025-12-20T13:56:53.346263,unknown,unknown,64.59.144.17,10.0.0.225,wpad.vf.shawcable.net,64369,0,117,UDP,wpad.vf.shawcable.net,unknown,unknown
2025-12-20T13:56:53.350181,unknown,unknown,64.59.144.17,10.0.0.225,wpad.vf.shawcable.net,62837,0,163,UDP,wpad.vf.shawcable.net,unknown,unknown
2025-12-20T13:56:53.356348,unknown,unknown,64.59.144.17,10.0.0.225,wpad.vf.shawcable.net,56049,0,117,UDP,wpad.vf.shawcable.net,unknown,unknown
2025-12-20T13:56:53.361398,unknown,unknown,64.59.144.17,10.0.0.225,wpad.vf.shawcable.net,63743,0,163,UDP,wpad.vf.shawcable.net,unknown,unknown
2025-12-20T13:56:53.366772,unknown,unknown,64.59.144.17,10.0.0.225,wpad.vf.shawcable.net,49664,0,163,UDP,wpad.vf.shawcable.net,unknown,unknown
2025-12-20T13:56:53.371801,unknown,unknown,64.59.144.17,10.0.0.225,wpad.vf.shawcable.net,50188,0,163,UDP,wpad.vf.shawcable.net,unknown,unknown
2025-12-20T13:56:53.375995,unknown,unknown,64.59.150.133,10.0.0.225,wpad.vf.shawcable.net,54559,0,66,TCP,,unknown,unknown
2025-12-20T13:56:53.380416,unknown,unknown,64.59.150.133,10.0.0.225,wpad.vf.shawcable.net,59866,0,66,TCP,,unknown,unknown
2025-12-20T13:56:53.385314,unknown,unknown,10.0.0.225,64.59.150.133,wpad.vf.shawcable.net,53,54,0,TCP,,unknown,unknown
2025-12-20T13:56:53.389692,unknown,unknown,10.0.0.225,64.59.150.133,wpad.vf.shawcable.net,53,54,0,TCP,,unknown,unknown
2025-12-20T13:56:53.393645,unknown,unknown,10.0.0.225,64.59.150.133,wpad.vf.shawcable.net,53,56,0,TCP,,unknown,unknown
2025-12-20T13:56:53.397325,unknown,unknown,10.0.0.225,64.59.150.133,wpad.vf.shawcable.net,53,93,0,TCP,,unknown,unknown
2025-12-20T13:56:53.400453,unknown,unknown,10.0.0.225,64.59.150.133,wpad.vf.shawcable.net,53,56,0,TCP,,unknown,unknown
2025-12-20T13:56:53.403003,unknown,unknown,10.0.0.225,64.59.150.133,wpad.vf.shawcable.net,53,93,0,TCP,,unknown,unknown
2025-12-20T13:56:53.406018,unknown,unknown,64.59.144.17,10.0.0.225,wpad.vf.shawcable.net,62596,0,163,UDP,wpad.vf.shawcable.net,unknown,unknown
2025-12-20T13:56:53.408723,unknown,unknown,64.59.144.17,10.0.0.225,wpad.vf.shawcable.net,64708,0,163,UDP,wpad.vf.shawcable.net,unknown,unknown
2025-12-20T13:56:53.411375,unknown,unknown,64.59.144.17,10.0.0.225,wpad.vf.shawcable.net,53856,0,117,UDP,wpad.vf.shawcable.net,unknown,unknown
2025-12-20T13:56:53.414051,unknown,unknown,64.59.144.17,10.0.0.225,wpad.vf.shawcable.net,63356,0,163,UDP,wpad.vf.shawcable.net,unknown,unknown
2025-12-20T13:56:53.416716,unknown,unknown,64.59.144.17,10.0.0.225,wpad.vf.shawcable.net,65434,0,163,UDP,wpad.vf.shawcable.net,unknown,unknown
2025-12-20T13:56:53.419391,unknown,unknown,64.59.144.17,10.0.0.225,wpad.vf.shawcable.net,64929,0,117,UDP,wpad.vf.shawcable.net,unknown,unknown
2025-12-20T13:56:53.422852,unknown,unknown,64.59.144.17,10.0.0.225,wpad.vf.shawcable.net,61053,0,163,UDP,wpad.vf.shawcable.net,unknown,unknown
2025-12-20T13:56:53.427090,unknown,unknown,64.59.150.133,10.0.0.225,wpad.vf.shawcable.net,61323,0,66,TCP,,unknown,unknown
2025-12-20T13:56:53.431460,unknown,unknown,64.59.144.17,10.0.0.225,wpad.vf.shawcable.net,61096,0,163,UDP,wpad.vf.shawcable.net,unknown,unknown
2025-12-20T13:56:53.434338,unknown,unknown,64.59.144.17,10.0.0.225,wpad.vf.shawcable.net,63581,0,117,UDP,wpad.vf.shawcable.net,unknown,unknown
2025-12-20T13:56:53.437246,unknown,unknown,64.59.144.17,10.0.0.225,wpad.vf.shawcable.net,54954,0,163,UDP,wpad.vf.shawcable.net,unknown,unknown
2025-12-20T13:56:53.440856,unknown,unknown,64.59.150.133,10.0.0.225,wpad.vf.shawcable.net,50082,0,66,TCP,,unknown,unknown
2025-12-20T13:56:53.445442,unknown,unknown,64.59.150.133,10.0.0.225,wpad.vf.shawcable.net,49674,0,66,TCP,,unknown,unknown
2025-12-20T13:56:53.447900,unknown,unknown,10.0.0.225,64.59.150.133,wpad.vf.shawcable.net,53,54,0,TCP,,unknown,unknown
2025-12-20T13:56:53.452015,unknown,unknown,10.0.0.225,64.59.150.133,wpad.vf.shawcable.net,53,54,0,TCP,,unknown,unknown
2025-12-20T13:56:53.456935,unknown,unknown,10.0.0.225,64.59.150.133,wpad.vf.shawcable.net,53,54,0,TCP,,unknown,unknown
2025-12-20T13:56:53.460842,unknown,unknown,10.0.0.225,64.59.150.133,wpad.vf.shawcable.net,53,56,0,TCP,,unknown,unknown
2025-12-20T13:56:53.464846,unknown,unknown,10.0.0.225,64.59.150.133,wpad.vf.shawcable.net,53,93,0,TCP,,unknown,unknown
2025-12-20T13:56:53.468145,unknown,unknown,10.0.0.225,64.59.150.133,wpad.vf.shawcable.net,53,56,0,TCP,,unknown,unknown
2025-12-20T13:56:53.471768,unknown,unknown,10.0.0.225,64.59.150.133,wpad.vf.shawcable.net,53,93,0,TCP,,unknown,unknown
2025-12-20T13:56:53.474557,unknown,unknown,10.0.0.225,64.59.150.133,wpad.vf.shawcable.net,53,56,0,TCP,,unknown,unknown
2025-12-20T13:56:53.478420,unknown,unknown,10.0.0.225,64.59.150.133,wpad.vf.shawcable.net,53,93,0,TCP,,unknown,unknown
2025-12-20T13:56:53.481788,unknown,unknown,64.59.144.17,10.0.0.225,wpad.vf.shawcable.net,64311,0,66,TCP,,unknown,unknown
2025-12-20T13:56:53.487299,unknown,unknown,64.59.144.17,10.0.0.225,wpad.vf.shawcable.net,55848,0,66,TCP,,unknown,unknown
2025-12-20T13:56:53.491334,unknown,unknown,64.59.150.133,10.0.0.225,wpad.vf.shawcable.net,62465,0,66,TCP,,unknown,unknown
2025-12-20T13:56:53.496540,unknown,unknown,10.0.0.225,64.59.144.17,wpad.vf.shawcable.net,53,54,0,TCP,,unknown,unknown
2025-12-20T13:56:53.499521,unknown,unknown,10.0.0.225,64.59.144.17,wpad.vf.shawcable.net,53,54,0,TCP,,unknown,unknown
2025-12-20T13:56:53.503653,unknown,unknown,10.0.0.225,64.59.150.133,wpad.vf.shawcable.net,53,54,0,TCP,,unknown,unknown
2025-12-20T13:56:53.509120,unknown,unknown,10.0.0.225,64.59.150.133,wpad.vf.shawcable.net,53,56,0,TCP,,unknown,unknown
2025-12-20T13:56:53.513688,unknown,unknown,10.0.0.225,64.59.150.133,wpad.vf.shawcable.net,53,93,0,TCP,,unknown,unknown
2025-12-20T13:56:53.521969,unknown,unknown,10.0.0.225,64.59.144.17,wpad.vf.shawcable.net,53,56,0,TCP,,unknown,unknown
2025-12-20T13:56:53.527905,unknown,unknown,10.0.0.225,64.59.144.17,wpad.vf.shawcable.net,53,93,0,TCP,,unknown,unknown
2025-12-20T13:56:53.535905,unknown,unknown,10.0.0.225,64.59.144.17,wpad.vf.shawcable.net,53,56,0,TCP,,unknown,unknown
2025-12-20T13:56:53.543313,unknown,unknown,10.0.0.225,64.59.144.17,wpad.vf.shawcable.net,53,93,0,TCP,,unknown,unknown
2025-12-20T13:56:53.547851,unknown,unknown,64.59.144.17,10.0.0.225,wpad.vf.shawcable.net,56799,0,66,TCP,,unknown,unknown
2025-12-20T13:56:53.553090,unknown,unknown,64.59.144.17,10.0.0.225,wpad.vf.shawcable.net,57878,0,66,TCP,,unknown,unknown
2025-12-20T13:56:53.558920,unknown,unknown,64.59.144.17,10.0.0.225,wpad.vf.shawcable.net,57488,0,163,UDP,wpad.vf.shawcable.net,unknown,unknown
2025-12-20T13:56:53.563683,unknown,unknown,64.59.144.17,10.0.0.225,wpad.vf.shawcable.net,57159,0,66,TCP,,unknown,unknown
2025-12-20T13:56:53.566866,unknown,unknown,64.59.144.17,10.0.0.225,wpad.vf.shawcable.net,52037,0,66,TCP,,unknown,unknown
2025-12-20T13:56:53.572072,unknown,unknown,64.59.144.17,10.0.0.225,wpad.vf.shawcable.net,65213,0,117,UDP,wpad.vf.shawcable.net,unknown,unknown
2025-12-20T13:56:53.577937,unknown,unknown,64.59.144.17,10.0.0.225,wpad.vf.shawcable.net,56719,0,117,UDP,wpad.vf.shawcable.net,unknown,unknown
2025-12-20T13:56:53.583041,unknown,unknown,64.59.144.17,10.0.0.225,wpad.vf.shawcable.net,55230,0,163,UDP,wpad.vf.shawcable.net,unknown,unknown
2025-12-20T13:56:53.587771,unknown,unknown,64.59.144.17,10.0.0.225,wpad.vf.shawcable.net,61937,0,66,TCP,,unknown,unknown
2025-12-20T13:56:53.592500,unknown,unknown,10.0.0.225,64.59.144.17,wpad.vf.shawcable.net,53,54,0,TCP,,unknown,unknown
2025-12-20T13:56:53.596508,unknown,unknown,10.0.0.225,64.59.144.17,wpad.vf.shawcable.net,53,54,0,TCP,,unknown,unknown
2025-12-20T13:56:53.600478,unknown,unknown,10.0.0.225,64.59.144.17,wpad.vf.shawcable.net,53,54,0,TCP,,unknown,unknown
2025-12-20T13:56:53.604467,unknown,unknown,10.0.0.225,64.59.144.17,wpad.vf.shawcable.net,53,54,0,TCP,,unknown,unknown
2025-12-20T13:56:53.611104,unknown,unknown,10.0.0.225,64.59.144.17,wpad.vf.shawcable.net,53,54,0,TCP,,unknown,unknown
2025-12-20T13:56:53.615568,unknown,unknown,10.0.0.225,64.59.144.17,wpad.vf.shawcable.net,53,56,0,TCP,,unknown,unknown
2025-12-20T13:56:53.620042,unknown,unknown,10.0.0.225,64.59.144.17,wpad.vf.shawcable.net,53,93,0,TCP,,unknown,unknown
2025-12-20T13:56:53.623926,unknown,unknown,10.0.0.225,64.59.144.17,wpad.vf.shawcable.net,53,56,0,TCP,,unknown,unknown
2025-12-20T13:56:53.626407,unknown,unknown,10.0.0.225,64.59.144.17,wpad.vf.shawcable.net,53,93,0,TCP,,unknown,unknown
2025-12-20T13:56:53.630833,unknown,unknown,10.0.0.225,64.59.144.17,wpad.vf.shawcable.net,53,56,0,TCP,,unknown,unknown
2025-12-20T13:56:53.634557,unknown,unknown,10.0.0.225,64.59.144.17,wpad.vf.shawcable.net,53,93,0,TCP,,unknown,unknown
2025-12-20T13:56:53.639737,unknown,unknown,10.0.0.225,64.59.144.17,wpad.vf.shawcable.net,53,56,0,TCP,,unknown,unknown
2025-12-20T13:56:53.644548,unknown,unknown,10.0.0.225,64.59.144.17,wpad.vf.shawcable.net,53,93,0,TCP,,unknown,unknown
2025-12-20T13:56:53.648929,unknown,unknown,10.0.0.225,64.59.144.17,wpad.vf.shawcable.net,53,56,0,TCP,,unknown,unknown
2025-12-20T13:56:53.653774,unknown,unknown,10.0.0.225,64.59.144.17,wpad.vf.shawcable.net,53,93,0,TCP,,unknown,unknown
2025-12-20T13:56:53.659093,unknown,unknown,64.59.144.17,10.0.0.225,wpad.vf.shawcable.net,62927,0,66,TCP,,unknown,unknown
2025-12-20T13:56:53.663131,unknown,unknown,64.59.144.17,10.0.0.225,wpad.vf.shawcable.net,49675,0,66,TCP,,unknown,unknown
2025-12-20T13:56:53.668933,unknown,unknown,10.0.0.225,64.59.144.17,wpad.vf.shawcable.net,53,54,0,TCP,,unknown,unknown
2025-12-20T13:56:53.673118,unknown,unknown,10.0.0.225,64.59.144.17,wpad.vf.shawcable.net,53,54,0,TCP,,unknown,unknown
2025-12-20T13:56:53.676286,unknown,unknown,10.0.0.225,64.59.144.17,wpad.vf.shawcable.net,53,56,0,TCP,,unknown,unknown
2025-12-20T13:56:53.680131,unknown,unknown,10.0.0.225,64.59.144.17,wpad.vf.shawcable.net,53,93,0,TCP,,unknown,unknown
2025-12-20T13:56:53.684510,unknown,unknown,10.0.0.225,64.59.144.17,wpad.vf.shawcable.net,53,56,0,TCP,,unknown,unknown
2025-12-20T13:56:53.689471,unknown,unknown,10.0.0.225,64.59.144.17,wpad.vf.shawcable.net,53,93,0,TCP,,unknown,unknown
2025-12-20T13:56:53.693400,unknown,unknown,64.59.150.133,10.0.0.225,wpad.vf.shawcable.net,59866,0,54,TCP,,unknown,unknown
2025-12-20T13:56:53.697016,unknown,unknown,64.59.150.133,10.0.0.225,wpad.vf.shawcable.net,59866,0,54,TCP,,unknown,unknown
2025-12-20T13:56:53.700761,unknown,unknown,64.59.150.133,10.0.0.225,wpad.vf.shawcable.net,54559,0,54,TCP,,unknown,unknown
2025-12-20T13:56:53.704281,unknown,unknown,64.59.150.133,10.0.0.225,wpad.vf.shawcable.net,54559,0,54,TCP,,unknown,unknown
2025-12-20T13:56:53.707858,unknown,unknown,64.59.150.133,10.0.0.225,wpad.vf.shawcable.net,61323,0,54,TCP,,unknown,unknown
2025-12-20T13:56:53.711433,unknown,unknown,64.59.150.133,10.0.0.225,wpad.vf.shawcable.net,61323,0,54,TCP,,unknown,unknown
2025-12-20T13:56:53.715764,unknown,unknown,64.59.150.133,10.0.0.225,wpad.vf.shawcable.net,59866,0,177,TCP,,unknown,unknown
2025-12-20T13:56:53.720033,unknown,unknown,64.59.150.133,10.0.0.225,wpad.vf.shawcable.net,54559,0,177,TCP,,unknown,unknown
2025-12-20T13:56:53.723752,unknown,unknown,64.59.150.133,10.0.0.225,wpad.vf.shawcable.net,61323,0,131,TCP,,unknown,unknown
2025-12-20T13:56:53.726175,unknown,unknown,64.59.150.133,10.0.0.225,wpad.vf.shawcable.net,50082,0,54,TCP,,unknown,unknown
2025-12-20T13:56:53.728976,unknown,unknown,64.59.150.133,10.0.0.225,wpad.vf.shawcable.net,49674,0,54,TCP,,unknown,unknown
2025-12-20T13:56:53.732780,unknown,unknown,10.0.0.225,64.59.150.133,wpad.vf.shawcable.net,53,54,0,TCP,,unknown,unknown
2025-12-20T13:56:53.737257,unknown,unknown,10.0.0.225,64.59.150.133,wpad.vf.shawcable.net,53,54,0,TCP,,unknown,unknown
2025-12-20T13:56:53.740186,unknown,unknown,10.0.0.225,64.59.150.133,wpad.vf.shawcable.net,53,54,0,TCP,,unknown,unknown
2025-12-20T13:56:53.742600,unknown,unknown,64.59.150.133,10.0.0.225,wpad.vf.shawcable.net,49674,0,54,TCP,,unknown,unknown
2025-12-20T13:56:53.745285,unknown,unknown,64.59.150.133,10.0.0.225,wpad.vf.shawcable.net,49674,0,177,TCP,,unknown,unknown
2025-12-20T13:56:53.748220,unknown,unknown,64.59.150.133,10.0.0.225,wpad.vf.shawcable.net,50082,0,54,TCP,,unknown,unknown
2025-12-20T13:56:53.753356,unknown,unknown,64.59.150.133,10.0.0.225,wpad.vf.shawcable.net,50082,0,131,TCP,,unknown,unknown
2025-12-20T13:56:53.758379,unknown,unknown,10.0.0.225,64.59.150.133,wpad.vf.shawcable.net,53,54,0,TCP,,unknown,unknown
2025-12-20T13:56:53.762281,unknown,unknown,10.0.0.225,64.59.150.133,wpad.vf.shawcable.net,53,54,0,TCP,,unknown,unknown
2025-12-20T13:56:53.765192,unknown,unknown,64.59.150.133,10.0.0.225,wpad.vf.shawcable.net,62465,0,54,TCP,,unknown,unknown
2025-12-20T13:56:53.770055,unknown,unknown,64.59.150.133,10.0.0.225,wpad.vf.shawcable.net,62465,0,54,TCP,,unknown,unknown
2025-12-20T13:56:53.774216,unknown,unknown,64.59.150.133,10.0.0.225,wpad.vf.shawcable.net,62465,0,177,TCP,,unknown,unknown
2025-12-20T13:56:53.776737,unknown,unknown,64.59.150.133,10.0.0.225,wpad.vf.shawcable.net,62465,0,54,TCP,,unknown,unknown
2025-12-20T13:56:53.779334,unknown,unknown,10.0.0.225,64.59.150.133,wpad.vf.shawcable.net,53,54,0,TCP,,unknown,unknown
2025-12-20T13:56:53.782426,unknown,unknown,10.0.0.225,64.59.150.133,wpad.vf.shawcable.net,53,54,0,TCP,,unknown,unknown
2025-12-20T13:56:53.786343,unknown,unknown,64.59.144.17,10.0.0.225,wpad.vf.shawcable.net,55848,0,54,TCP,,unknown,unknown
2025-12-20T13:56:53.790578,unknown,unknown,64.59.144.17,10.0.0.225,wpad.vf.shawcable.net,55848,0,54,TCP,,unknown,unknown
2025-12-20T13:56:53.794114,unknown,unknown,64.59.144.17,10.0.0.225,wpad.vf.shawcable.net,55848,0,177,TCP,,unknown,unknown
2025-12-20T13:56:53.797721,unknown,unknown,64.59.144.17,10.0.0.225,wpad.vf.shawcable.net,64311,0,54,TCP,,unknown,unknown
2025-12-20T13:56:53.801317,unknown,unknown,64.59.144.17,10.0.0.225,wpad.vf.shawcable.net,64311,0,54,TCP,,unknown,unknown
2025-12-20T13:56:53.807211,unknown,unknown,64.59.144.17,10.0.0.225,wpad.vf.shawcable.net,64311,0,177,TCP,,unknown,unknown
2025-12-20T13:56:53.812540,unknown,unknown,10.0.0.225,64.59.144.17,wpad.vf.shawcable.net,53,54,0,TCP,,unknown,unknown
2025-12-20T13:56:53.815380,unknown,unknown,10.0.0.225,64.59.144.17,wpad.vf.shawcable.net,53,54,0,TCP,,unknown,unknown
2025-12-20T13:56:53.820348,unknown,unknown,64.59.144.17,10.0.0.225,wpad.vf.shawcable.net,52037,0,54,TCP,,unknown,unknown
2025-12-20T13:56:53.825252,unknown,unknown,64.59.144.17,10.0.0.225,wpad.vf.shawcable.net,52037,0,54,TCP,,unknown,unknown
2025-12-20T13:56:53.830127,unknown,unknown,64.59.144.17,10.0.0.225,wpad.vf.shawcable.net,52037,0,177,TCP,,unknown,unknown
2025-12-20T13:56:53.834994,unknown,unknown,64.59.144.17,10.0.0.225,wpad.vf.shawcable.net,61937,0,54,TCP,,unknown,unknown
2025-12-20T13:56:53.839834,unknown,unknown,64.59.144.17,10.0.0.225,wpad.vf.shawcable.net,61937,0,54,TCP,,unknown,unknown
2025-12-20T13:56:53.844400,unknown,unknown,10.0.0.225,64.59.144.17,wpad.vf.shawcable.net,53,54,0,TCP,,unknown,unknown
2025-12-20T13:56:53.848661,unknown,unknown,64.59.144.17,10.0.0.225,wpad.vf.shawcable.net,61937,0,177,TCP,,unknown,unknown
2025-12-20T13:56:53.853159,unknown,unknown,10.0.0.225,64.59.144.17,wpad.vf.shawcable.net,53,54,0,TCP,,unknown,unknown
2025-12-20T13:56:53.858017,unknown,unknown,64.59.144.17,10.0.0.225,wpad.vf.shawcable.net,57159,0,54,TCP,,unknown,unknown
2025-12-20T13:56:53.862387,unknown,unknown,64.59.144.17,10.0.0.225,wpad.vf.shawcable.net,57159,0,54,TCP,,unknown,unknown
2025-12-20T13:56:53.865883,unknown,unknown,64.59.144.17,10.0.0.225,wpad.vf.shawcable.net,56799,0,54,TCP,,unknown,unknown
2025-12-20T13:56:53.868779,unknown,unknown,64.59.144.17,10.0.0.225,wpad.vf.shawcable.net,56799,0,54,TCP,,unknown,unknown
2025-12-20T13:56:53.871972,unknown,unknown,64.59.144.17,10.0.0.225,wpad.vf.shawcable.net,57159,0,131,TCP,,unknown,unknown
2025-12-20T13:56:53.876262,unknown,unknown,64.59.144.17,10.0.0.225,wpad.vf.shawcable.net,56799,0,131,TCP,,unknown,unknown
2025-12-20T13:56:53.880807,unknown,unknown,64.59.144.17,10.0.0.225,wpad.vf.shawcable.net,56799,0,54,TCP,,unknown,unknown
2025-12-20T13:56:53.885191,unknown,unknown,10.0.0.225,64.59.144.17,wpad.vf.shawcable.net,53,54,0,TCP,,unknown,unknown
2025-12-20T13:56:53.890102,unknown,unknown,64.59.144.17,10.0.0.225,wpad.vf.shawcable.net,57878,0,54,TCP,,unknown,unknown
2025-12-20T13:56:53.894336,unknown,unknown,10.0.0.225,64.59.144.17,wpad.vf.shawcable.net,53,54,0,TCP,,unknown,unknown
2025-12-20T13:56:53.898656,unknown,unknown,10.0.0.225,64.59.144.17,wpad.vf.shawcable.net,53,54,0,TCP,,unknown,unknown
2025-12-20T13:56:53.902667,unknown,unknown,64.59.144.17,10.0.0.225,wpad.vf.shawcable.net,57878,0,54,TCP,,unknown,unknown
2025-12-20T13:56:53.906468,unknown,unknown,64.59.144.17,10.0.0.225,wpad.vf.shawcable.net,57878,0,177,TCP,,unknown,unknown
2025-12-20T13:56:53.910452,unknown,unknown,64.59.144.17,10.0.0.225,wpad.vf.shawcable.net,57878,0,54,TCP,,unknown,unknown
2025-12-20T13:56:53.914691,unknown,unknown,64.59.144.17,10.0.0.225,wpad.vf.shawcable.net,62927,0,54,TCP,,unknown,unknown
2025-12-20T13:56:53.918828,unknown,unknown,64.59.144.17,10.0.0.225,wpad.vf.shawcable.net,62927,0,54,TCP,,unknown,unknown
2025-12-20T13:56:53.923382,unknown,unknown,64.59.144.17,10.0.0.225,wpad.vf.shawcable.net,62927,0,177,TCP,,unknown,unknown
2025-12-20T13:56:53.928118,unknown,unknown,64.59.144.17,10.0.0.225,wpad.vf.shawcable.net,62927,0,54,TCP,,unknown,unknown
2025-12-20T13:56:53.931664,unknown,unknown,64.59.144.17,10.0.0.225,wpad.vf.shawcable.net,49675,0,54,TCP,,unknown,unknown
2025-12-20T13:56:53.936650,unknown,unknown,64.59.144.17,10.0.0.225,wpad.vf.shawcable.net,49675,0,54,TCP,,unknown,unknown
2025-12-20T13:56:53.942233,unknown,unknown,64.59.144.17,10.0.0.225,wpad.vf.shawcable.net,49675,0,131,TCP,,unknown,unknown
2025-12-20T13:56:53.946256,unknown,unknown,64.59.144.17,10.0.0.225,wpad.vf.shawcable.net,49675,0,54,TCP,,unknown,unknown
2025-12-20T13:56:53.949539,unknown,unknown,10.0.0.225,64.59.144.17,wpad.vf.shawcable.net,53,54,0,TCP,,unknown,unknown
2025-12-20T13:56:53.954932,unknown,unknown,10.0.0.225,64.59.144.17,wpad.vf.shawcable.net,53,54,0,TCP,,unknown,unknown
2025-12-20T13:56:53.960501,unknown,unknown,10.0.0.225,64.59.144.17,wpad.vf.shawcable.net,53,54,0,TCP,,unknown,unknown
2025-12-20T13:56:53.964257,unknown,unknown,10.0.0.225,64.59.144.17,wpad.vf.shawcable.net,53,54,0,TCP,,unknown,unknown
2025-12-20T13:56:53.967803,unknown,unknown,10.0.0.225,64.59.144.17,wpad.vf.shawcable.net,53,54,0,TCP,,unknown,unknown
2025-12-20T13:56:53.971996,unknown,unknown,10.0.0.225,64.59.144.17,wpad.vf.shawcable.net,53,54,0,TCP,,unknown,unknown
2025-12-20T13:56:53.977038,unknown,unknown,64.59.150.133,10.0.0.225,wpad.vf.shawcable.net,54559,0,54,TCP,,unknown,unknown
2025-12-20T13:56:53.980486,unknown,unknown,10.0.0.225,64.59.150.133,wpad.vf.shawcable.net,53,54,0,TCP,,unknown,unknown
2025-12-20T13:56:53.984047,unknown,unknown,64.59.150.133,10.0.0.225,wpad.vf.shawcable.net,61323,0,54,TCP,,unknown,unknown
2025-12-20T13:56:53.988136,unknown,unknown,64.59.150.133,10.0.0.225,wpad.vf.shawcable.net,49674,0,54,TCP,,unknown,unknown
2025-12-20T13:56:53.991920,unknown,unknown,64.59.150.133,10.0.0.225,wpad.vf.shawcable.net,50082,0,54,TCP,,unknown,unknown
2025-12-20T13:56:53.995649,unknown,unknown,10.0.0.225,64.59.150.133,wpad.vf.shawcable.net,53,54,0,TCP,,unknown,unknown
2025-12-20T13:56:53.999102,unknown,unknown,10.0.0.225,64.59.150.133,wpad.vf.shawcable.net,53,54,0,TCP,,unknown,unknown
2025-12-20T13:56:54.003119,unknown,unknown,10.0.0.225,64.59.150.133,wpad.vf.shawcable.net,53,54,0,TCP,,unknown,unknown
2025-12-20T13:56:54.006870,unknown,unknown,64.59.150.133,10.0.0.225,wpad.vf.shawcable.net,59866,0,54,TCP,,unknown,unknown
2025-12-20T13:56:54.011031,unknown,unknown,10.0.0.225,64.59.150.133,wpad.vf.shawcable.net,53,54,0,TCP,,unknown,unknown
2025-12-20T13:56:54.014101,unknown,unknown,64.59.150.133,10.0.0.225,wpad.vf.shawcable.net,62465,0,54,TCP,,unknown,unknown
2025-12-20T13:56:54.019945,unknown,unknown,64.59.144.17,10.0.0.225,wpad.vf.shawcable.net,56799,0,54,TCP,,unknown,unknown
2025-12-20T13:56:54.024279,unknown,unknown,64.59.144.17,10.0.0.225,wpad.vf.shawcable.net,57878,0,54,TCP,,unknown,unknown
2025-12-20T13:56:54.026771,unknown,unknown,64.59.144.17,10.0.0.225,wpad.vf.shawcable.net,55848,0,54,TCP,,unknown,unknown
2025-12-20T13:56:54.029170,unknown,unknown,10.0.0.225,64.59.144.17,wpad.vf.shawcable.net,53,54,0,TCP,,unknown,unknown
2025-12-20T13:56:54.032392,unknown,unknown,64.59.144.17,10.0.0.225,wpad.vf.shawcable.net,52037,0,54,TCP,,unknown,unknown
2025-12-20T13:56:54.037577,unknown,unknown,64.59.144.17,10.0.0.225,wpad.vf.shawcable.net,57159,0,54,TCP,,unknown,unknown
2025-12-20T13:56:54.042623,unknown,unknown,64.59.144.17,10.0.0.225,wpad.vf.shawcable.net,61937,0,54,TCP,,unknown,unknown
2025-12-20T13:56:54.047846,unknown,unknown,64.59.144.17,10.0.0.225,wpad.vf.shawcable.net,64311,0,54,TCP,,unknown,unknown
2025-12-20T13:56:54.053294,unknown,unknown,10.0.0.225,64.59.144.17,wpad.vf.shawcable.net,53,54,0,TCP,,unknown,unknown
2025-12-20T13:56:54.057970,unknown,unknown,10.0.0.225,64.59.144.17,wpad.vf.shawcable.net,53,54,0,TCP,,unknown,unknown
2025-12-20T13:56:54.064029,unknown,unknown,10.0.0.225,64.59.144.17,wpad.vf.shawcable.net,53,54,0,TCP,,unknown,unknown
2025-12-20T13:56:54.067202,unknown,unknown,10.0.0.225,64.59.144.17,wpad.vf.shawcable.net,53,54,0,TCP,,unknown,unknown
2025-12-20T13:56:54.071467,unknown,unknown,64.59.144.17,10.0.0.225,wpad.vf.shawcable.net,62927,0,54,TCP,,unknown,unknown
2025-12-20T13:56:54.076555,unknown,unknown,64.59.144.17,10.0.0.225,wpad.vf.shawcable.net,49675,0,54,TCP,,unknown,unknown
2025-12-20T13:56:55.465789,unknown,unknown,10.0.0.225,224.0.0.251,_googlecast._tcp.local,5353,82,0,UDP,_googlecast._tcp.local,unknown,unknown
2025-12-20T13:56:55.473735,unknown,unknown,10.0.0.225,224.0.0.251,_googlecast._tcp.local,5353,82,0,UDP,_googlecast._tcp.local,unknown,unknown
2025-12-20T13:56:56.479914,C:\Users\brene\AppData\Local\Keybase\kbfsdokan.exe,0cc7f8a2f707d3904c35e2fd22ab344d,10.0.0.225,54.157.111.222,,443,136,0,TCP,,C:\Users\brene\AppData\Local\Keybase\keybase.exe,DEVIAN\brene
2025-12-20T13:56:56.486890,unknown,unknown,10.0.0.225,224.0.0.251,_googlecast._tcp.local,5353,82,0,UDP,_googlecast._tcp.local,unknown,unknown
2025-12-20T13:56:56.497512,unknown,unknown,10.0.0.225,224.0.0.251,_googlecast._tcp.local,5353,82,0,UDP,_googlecast._tcp.local,unknown,unknown
2025-12-20T13:56:56.558433,C:\Users\brene\AppData\Local\Keybase\kbfsdokan.exe,0cc7f8a2f707d3904c35e2fd22ab344d,54.157.111.222,10.0.0.225,wpad.vf.shawcable.net,51072,0,109,TCP,,C:\Users\brene\AppData\Local\Keybase\keybase.exe,DEVIAN\brene
2025-12-20T13:56:56.612011,C:\Users\brene\AppData\Local\Keybase\kbfsdokan.exe,0cc7f8a2f707d3904c35e2fd22ab344d,10.0.0.225,54.157.111.222,,443,54,0,TCP,,C:\Users\brene\AppData\Local\Keybase\keybase.exe,DEVIAN\brene
2025-12-20T13:56:57.845215,C:\Program Files (x86)\Microsoft\EdgeWebView\Application\143.0.3650.96\msedgewebview2.exe,b3d8670a1d473bfc160824b84587cf06,10.0.0.225,64.59.144.17,wpad.vf.shawcable.net,53,66,0,TCP,,C:\Program Files (x86)\Microsoft\EdgeWebView\Application\143.0.3650.96\msedgewebview2.exe,DEVIAN\brene
2025-12-20T13:56:57.848415,C:\Program Files (x86)\Microsoft\EdgeWebView\Application\143.0.3650.96\msedgewebview2.exe,b3d8670a1d473bfc160824b84587cf06,10.0.0.225,64.59.144.17,wpad.vf.shawcable.net,53,66,0,TCP,,C:\Program Files (x86)\Microsoft\EdgeWebView\Application\143.0.3650.96\msedgewebview2.exe,DEVIAN\brene
2025-12-20T13:56:57.850996,C:\Program Files (x86)\Microsoft\EdgeWebView\Application\143.0.3650.96\msedgewebview2.exe,b3d8670a1d473bfc160824b84587cf06,10.0.0.225,64.59.144.17,wpad.vf.shawcable.net,53,66,0,TCP,,C:\Program Files (x86)\Microsoft\EdgeWebView\Application\143.0.3650.96\msedgewebview2.exe,DEVIAN\brene
2025-12-20T13:56:57.863334,C:\Program Files (x86)\Microsoft\EdgeWebView\Application\143.0.3650.96\msedgewebview2.exe,b3d8670a1d473bfc160824b84587cf06,64.59.144.17,10.0.0.225,wpad.vf.shawcable.net,52007,0,66,TCP,,C:\Program Files (x86)\Microsoft\EdgeWebView\Application\143.0.3650.96\msedgewebview2.exe,DEVIAN\brene
2025-12-20T13:56:57.868237,C:\Program Files (x86)\Microsoft\EdgeWebView\Application\143.0.3650.96\msedgewebview2.exe,b3d8670a1d473bfc160824b84587cf06,10.0.0.225,64.59.144.17,wpad.vf.shawcable.net,53,54,0,TCP,,C:\Program Files (x86)\Microsoft\EdgeWebView\Application\143.0.3650.96\msedgewebview2.exe,DEVIAN\brene
2025-12-20T13:56:57.871928,C:\Program Files (x86)\Microsoft\EdgeWebView\Application\143.0.3650.96\msedgewebview2.exe,b3d8670a1d473bfc160824b84587cf06,64.59.144.17,10.0.0.225,wpad.vf.shawcable.net,64574,0,66,TCP,,C:\Program Files (x86)\Microsoft\EdgeWebView\Application\143.0.3650.96\msedgewebview2.exe,DEVIAN\brene
2025-12-20T13:56:57.876317,C:\Program Files (x86)\Microsoft\EdgeWebView\Application\143.0.3650.96\msedgewebview2.exe,b3d8670a1d473bfc160824b84587cf06,10.0.0.225,64.59.144.17,wpad.vf.shawcable.net,53,54,0,TCP,,C:\Program Files (x86)\Microsoft\EdgeWebView\Application\143.0.3650.96\msedgewebview2.exe,DEVIAN\brene
2025-12-20T13:56:57.880762,C:\Program Files (x86)\Microsoft\EdgeWebView\Application\143.0.3650.96\msedgewebview2.exe,b3d8670a1d473bfc160824b84587cf06,10.0.0.225,64.59.144.17,wpad.vf.shawcable.net,53,56,0,TCP,,C:\Program Files (x86)\Microsoft\EdgeWebView\Application\143.0.3650.96\msedgewebview2.exe,DEVIAN\brene
2025-12-20T13:56:57.882404,C:\Program Files (x86)\Microsoft\EdgeWebView\Application\143.0.3650.96\msedgewebview2.exe,b3d8670a1d473bfc160824b84587cf06,10.0.0.225,64.59.144.17,wpad.vf.shawcable.net,53,117,0,TCP,,C:\Program Files (x86)\Microsoft\EdgeWebView\Application\143.0.3650.96\msedgewebview2.exe,DEVIAN\brene
2025-12-20T13:56:57.885183,C:\Program Files (x86)\Microsoft\EdgeWebView\Application\143.0.3650.96\msedgewebview2.exe,b3d8670a1d473bfc160824b84587cf06,10.0.0.225,64.59.144.17,wpad.vf.shawcable.net,53,56,0,TCP,,C:\Program Files (x86)\Microsoft\EdgeWebView\Application\143.0.3650.96\msedgewebview2.exe,DEVIAN\brene
2025-12-20T13:56:57.888210,C:\Program Files (x86)\Microsoft\EdgeWebView\Application\143.0.3650.96\msedgewebview2.exe,b3d8670a1d473bfc160824b84587cf06,10.0.0.225,64.59.144.17,wpad.vf.shawcable.net,53,117,0,TCP,,C:\Program Files (x86)\Microsoft\EdgeWebView\Application\143.0.3650.96\msedgewebview2.exe,DEVIAN\brene
2025-12-20T13:56:57.891530,C:\Program Files (x86)\Microsoft\EdgeWebView\Application\143.0.3650.96\msedgewebview2.exe,b3d8670a1d473bfc160824b84587cf06,64.59.144.17,10.0.0.225,wpad.vf.shawcable.net,50086,0,66,TCP,,C:\Program Files (x86)\Microsoft\EdgeWebView\Application\143.0.3650.96\msedgewebview2.exe,DEVIAN\brene
2025-12-20T13:56:57.896395,C:\Program Files (x86)\Microsoft\EdgeWebView\Application\143.0.3650.96\msedgewebview2.exe,b3d8670a1d473bfc160824b84587cf06,10.0.0.225,64.59.144.17,wpad.vf.shawcable.net,53,54,0,TCP,,C:\Program Files (x86)\Microsoft\EdgeWebView\Application\143.0.3650.96\msedgewebview2.exe,DEVIAN\brene
2025-12-20T13:56:57.898312,C:\Program Files (x86)\Microsoft\EdgeWebView\Application\143.0.3650.96\msedgewebview2.exe,b3d8670a1d473bfc160824b84587cf06,10.0.0.225,64.59.144.17,wpad.vf.shawcable.net,53,56,0,TCP,,C:\Program Files (x86)\Microsoft\EdgeWebView\Application\143.0.3650.96\msedgewebview2.exe,DEVIAN\brene
2025-12-20T13:56:57.901866,C:\Program Files (x86)\Microsoft\EdgeWebView\Application\143.0.3650.96\msedgewebview2.exe,b3d8670a1d473bfc160824b84587cf06,10.0.0.225,64.59.144.17,wpad.vf.shawcable.net,53,117,0,TCP,,C:\Program Files (x86)\Microsoft\EdgeWebView\Application\143.0.3650.96\msedgewebview2.exe,DEVIAN\brene
2025-12-20T13:56:57.904111,C:\Program Files (x86)\Microsoft\EdgeWebView\Application\143.0.3650.96\msedgewebview2.exe,b3d8670a1d473bfc160824b84587cf06,64.59.144.17,10.0.0.225,wpad.vf.shawcable.net,52007,0,54,TCP,,C:\Program Files (x86)\Microsoft\EdgeWebView\Application\143.0.3650.96\msedgewebview2.exe,DEVIAN\brene
2025-12-20T13:56:57.906595,unknown,unknown,64.59.144.17,10.0.0.225,wpad.vf.shawcable.net,64574,0,54,TCP,,unknown,unknown
2025-12-20T13:56:57.910710,unknown,unknown,64.59.144.17,10.0.0.225,wpad.vf.shawcable.net,50086,0,54,TCP,,unknown,unknown
2025-12-20T13:56:57.914286,unknown,unknown,64.59.144.17,10.0.0.225,wpad.vf.shawcable.net,52007,0,54,TCP,,unknown,unknown
2025-12-20T13:56:57.917117,unknown,unknown,64.59.144.17,10.0.0.225,wpad.vf.shawcable.net,50086,0,54,TCP,,unknown,unknown
2025-12-20T13:56:57.921473,unknown,unknown,64.59.144.17,10.0.0.225,wpad.vf.shawcable.net,64574,0,54,TCP,,unknown,unknown
2025-12-20T13:56:57.926448,unknown,unknown,64.59.144.17,10.0.0.225,wpad.vf.shawcable.net,52007,0,461,TCP,,unknown,unknown
2025-12-20T13:56:57.931240,unknown,unknown,64.59.144.17,10.0.0.225,wpad.vf.shawcable.net,64574,0,416,TCP,,unknown,unknown
2025-12-20T13:56:57.933993,unknown,unknown,10.0.0.225,64.59.144.17,wpad.vf.shawcable.net,53,54,0,TCP,,unknown,unknown
2025-12-20T13:56:57.938168,unknown,unknown,10.0.0.225,64.59.144.17,wpad.vf.shawcable.net,53,54,0,TCP,,unknown,unknown
2025-12-20T13:56:57.944295,unknown,unknown,64.59.144.17,10.0.0.225,wpad.vf.shawcable.net,50086,0,404,TCP,,unknown,unknown
2025-12-20T13:56:57.946901,unknown,unknown,10.0.0.225,64.59.144.17,wpad.vf.shawcable.net,53,54,0,TCP,,unknown,unknown
2025-12-20T13:56:57.950080,unknown,unknown,64.59.144.17,10.0.0.225,wpad.vf.shawcable.net,64574,0,54,TCP,,unknown,unknown
2025-12-20T13:56:57.954280,unknown,unknown,10.0.0.225,64.59.144.17,wpad.vf.shawcable.net,53,54,0,TCP,,unknown,unknown
2025-12-20T13:56:57.956807,unknown,unknown,64.59.144.17,10.0.0.225,wpad.vf.shawcable.net,50086,0,54,TCP,,unknown,unknown
2025-12-20T13:56:57.959062,unknown,unknown,64.59.144.17,10.0.0.225,wpad.vf.shawcable.net,52007,0,54,TCP,,unknown,unknown
2025-12-20T13:56:57.961299,unknown,unknown,10.0.0.225,64.59.144.17,wpad.vf.shawcable.net,53,54,0,TCP,,unknown,unknown
2025-12-20T13:56:57.963548,unknown,unknown,10.0.0.225,64.59.144.17,wpad.vf.shawcable.net,53,54,0,TCP,,unknown,unknown
2025-12-20T13:56:58.503716,unknown,unknown,10.0.0.225,224.0.0.251,_googlecast._tcp.local,5353,82,0,UDP,_googlecast._tcp.local,unknown,unknown
2025-12-20T13:56:58.511270,unknown,unknown,10.0.0.225,224.0.0.251,_googlecast._tcp.local,5353,82,0,UDP,_googlecast._tcp.local,unknown,unknown
2025-12-20T13:56:59.860076,unknown,unknown,10.0.0.1,239.255.255.250,,0,0,0,OTHER,,unknown,unknown
2025-12-20T13:56:59.867926,unknown,unknown,10.0.0.162,239.255.255.250,,0,0,0,OTHER,,unknown,unknown
2025-12-20T13:57:00.837760,unknown,unknown,10.0.0.225,64.59.150.133,outlook.office365.com,53,81,0,UDP,outlook.office365.com,unknown,unknown
2025-12-20T13:57:00.847078,unknown,unknown,10.0.0.225,64.59.150.133,outlook.office365.com,53,81,0,UDP,outlook.office365.com,unknown,unknown
2025-12-20T13:57:00.851418,unknown,unknown,10.0.0.225,64.59.150.133,outlook.office365.com,53,81,0,UDP,outlook.office365.com,unknown,unknown
2025-12-20T13:57:00.857899,unknown,unknown,64.59.150.133,10.0.0.225,outlook.office365.com,57457,0,235,UDP,outlook.office365.com,unknown,unknown
2025-12-20T13:57:00.862993,unknown,unknown,64.59.150.133,10.0.0.225,outlook.office365.com,49362,0,278,UDP,outlook.office365.com,unknown,unknown
2025-12-20T13:57:00.866825,unknown,unknown,64.59.150.133,10.0.0.225,outlook.office365.com,50166,0,230,UDP,outlook.office365.com,unknown,unknown
2025-12-20T13:57:02.438974,C:\Users\brene\AppData\Local\Keybase\keybase.exe,863a3d9a02a9209ee1da10564a775adb,10.0.0.225,44.215.74.30,,443,106,0,TCP,,C:\Users\brene\AppData\Local\Keybase\keybase.exe,DEVIAN\brene
2025-12-20T13:57:02.510759,C:\Users\brene\AppData\Local\Keybase\keybase.exe,863a3d9a02a9209ee1da10564a775adb,44.215.74.30,10.0.0.225,outlook.office365.com,60209,0,83,TCP,,C:\Users\brene\AppData\Local\Keybase\keybase.exe,DEVIAN\brene
2025-12-20T13:57:02.565160,C:\Users\brene\AppData\Local\Keybase\keybase.exe,863a3d9a02a9209ee1da10564a775adb,10.0.0.225,44.215.74.30,,443,54,0,TCP,,C:\Users\brene\AppData\Local\Keybase\keybase.exe,DEVIAN\brene
2025-12-20T13:57:03.067616,C:\Users\brene\AppData\Local\Programs\Antigravity\resources\app\extensions\antigravity\bin\language_server_windows_x64.exe,1f618f841b5922f735789fcb429dce1e,10.0.0.225,34.54.84.110,,443,107,0,TCP,,C:\Users\brene\AppData\Local\Programs\Antigravity\Antigravity.exe,DEVIAN\brene
2025-12-20T13:57:03.941090,C:\Users\brene\AppData\Local\Programs\Antigravity\resources\app\extensions\antigravity\bin\language_server_windows_x64.exe,1f618f841b5922f735789fcb429dce1e,10.0.0.225,34.54.84.110,,443,730,0,TCP,,C:\Users\brene\AppData\Local\Programs\Antigravity\Antigravity.exe,DEVIAN\brene
2025-12-20T13:57:03.945045,C:\Users\brene\AppData\Local\Programs\Antigravity\resources\app\extensions\antigravity\bin\language_server_windows_x64.exe,1f618f841b5922f735789fcb429dce1e,10.0.0.225,34.54.84.110,,443,85,0,TCP,,C:\Users\brene\AppData\Local\Programs\Antigravity\Antigravity.exe,DEVIAN\brene
2025-12-20T13:57:03.947986,C:\Users\brene\AppData\Local\Programs\Antigravity\resources\app\extensions\antigravity\bin\language_server_windows_x64.exe,1f618f841b5922f735789fcb429dce1e,34.54.84.110,10.0.0.225,outlook.office365.com,50978,0,54,TCP,,C:\Users\brene\AppData\Local\Programs\Antigravity\Antigravity.exe,DEVIAN\brene
2025-12-20T13:57:03.955291,C:\Users\brene\AppData\Local\Programs\Antigravity\resources\app\extensions\antigravity\bin\language_server_windows_x64.exe,1f618f841b5922f735789fcb429dce1e,34.54.84.110,10.0.0.225,outlook.office365.com,50978,0,60,TCP,,C:\Users\brene\AppData\Local\Programs\Antigravity\Antigravity.exe,DEVIAN\brene
2025-12-20T13:57:03.962076,C:\Users\brene\AppData\Local\Programs\Antigravity\resources\app\extensions\antigravity\bin\language_server_windows_x64.exe,1f618f841b5922f735789fcb429dce1e,34.54.84.110,10.0.0.225,outlook.office365.com,50978,0,117,TCP,,C:\Users\brene\AppData\Local\Programs\Antigravity\Antigravity.exe,DEVIAN\brene
2025-12-20T13:57:03.967270,C:\Users\brene\AppData\Local\Programs\Antigravity\resources\app\extensions\antigravity\bin\language_server_windows_x64.exe,1f618f841b5922f735789fcb429dce1e,34.54.84.110,10.0.0.225,outlook.office365.com,50978,0,1466,TCP,,C:\Users\brene\AppData\Local\Programs\Antigravity\Antigravity.exe,DEVIAN\brene
2025-12-20T13:57:03.970973,C:\Users\brene\AppData\Local\Programs\Antigravity\resources\app\extensions\antigravity\bin\language_server_windows_x64.exe,1f618f841b5922f735789fcb429dce1e,34.54.84.110,10.0.0.225,outlook.office365.com,50978,0,1466,TCP,,C:\Users\brene\AppData\Local\Programs\Antigravity\Antigravity.exe,DEVIAN\brene
2025-12-20T13:57:03.976156,C:\Users\brene\AppData\Local\Programs\Antigravity\resources\app\extensions\antigravity\bin\language_server_windows_x64.exe,1f618f841b5922f735789fcb429dce1e,34.54.84.110,10.0.0.225,outlook.office365.com,50978,0,1466,TCP,,C:\Users\brene\AppData\Local\Programs\Antigravity\Antigravity.exe,DEVIAN\brene
2025-12-20T13:57:03.981600,C:\Users\brene\AppData\Local\Programs\Antigravity\resources\app\extensions\antigravity\bin\language_server_windows_x64.exe,1f618f841b5922f735789fcb429dce1e,34.54.84.110,10.0.0.225,outlook.office365.com,50978,0,1466,TCP,,C:\Users\brene\AppData\Local\Programs\Antigravity\Antigravity.exe,DEVIAN\brene
2025-12-20T13:57:03.987021,C:\Users\brene\AppData\Local\Programs\Antigravity\resources\app\extensions\antigravity\bin\language_server_windows_x64.exe,1f618f841b5922f735789fcb429dce1e,34.54.84.110,10.0.0.225,outlook.office365.com,50978,0,1466,TCP,,C:\Users\brene\AppData\Local\Programs\Antigravity\Antigravity.exe,DEVIAN\brene
2025-12-20T13:57:03.992583,C:\Users\brene\AppData\Local\Programs\Antigravity\resources\app\extensions\antigravity\bin\language_server_windows_x64.exe,1f618f841b5922f735789fcb429dce1e,34.54.84.110,10.0.0.225,outlook.office365.com,50978,0,1466,TCP,,C:\Users\brene\AppData\Local\Programs\Antigravity\Antigravity.exe,DEVIAN\brene
2025-12-20T13:57:03.996722,C:\Users\brene\AppData\Local\Programs\Antigravity\resources\app\extensions\antigravity\bin\language_server_windows_x64.exe,1f618f841b5922f735789fcb429dce1e,10.0.0.225,34.54.84.110,,443,54,0,TCP,,C:\Users\brene\AppData\Local\Programs\Antigravity\Antigravity.exe,DEVIAN\brene
2025-12-20T13:57:03.998863,C:\Users\brene\AppData\Local\Programs\Antigravity\resources\app\extensions\antigravity\bin\language_server_windows_x64.exe,1f618f841b5922f735789fcb429dce1e,34.54.84.110,10.0.0.225,outlook.office365.com,50978,0,1466,TCP,,C:\Users\brene\AppData\Local\Programs\Antigravity\Antigravity.exe,DEVIAN\brene
2025-12-20T13:57:04.003423,C:\Users\brene\AppData\Local\Programs\Antigravity\resources\app\extensions\antigravity\bin\language_server_windows_x64.exe,1f618f841b5922f735789fcb429dce1e,10.0.0.225,34.54.84.110,,443,54,0,TCP,,C:\Users\brene\AppData\Local\Programs\Antigravity\Antigravity.exe,DEVIAN\brene
2025-12-20T13:57:04.007185,C:\Users\brene\AppData\Local\Programs\Antigravity\resources\app\extensions\antigravity\bin\language_server_windows_x64.exe,1f618f841b5922f735789fcb429dce1e,34.54.84.110,10.0.0.225,outlook.office365.com,50978,0,1466,TCP,,C:\Users\brene\AppData\Local\Programs\Antigravity\Antigravity.exe,DEVIAN\brene
2025-12-20T13:57:04.013261,C:\Users\brene\AppData\Local\Programs\Antigravity\resources\app\extensions\antigravity\bin\language_server_windows_x64.exe,1f618f841b5922f735789fcb429dce1e,34.54.84.110,10.0.0.225,outlook.office365.com,50978,0,1466,TCP,,C:\Users\brene\AppData\Local\Programs\Antigravity\Antigravity.exe,DEVIAN\brene
2025-12-20T13:57:04.017009,C:\Users\brene\AppData\Local\Programs\Antigravity\resources\app\extensions\antigravity\bin\language_server_windows_x64.exe,1f618f841b5922f735789fcb429dce1e,34.54.84.110,10.0.0.225,outlook.office365.com,50978,0,1466,TCP,,C:\Users\brene\AppData\Local\Programs\Antigravity\Antigravity.exe,DEVIAN\brene
2025-12-20T13:57:04.022374,C:\Users\brene\AppData\Local\Programs\Antigravity\resources\app\extensions\antigravity\bin\language_server_windows_x64.exe,1f618f841b5922f735789fcb429dce1e,34.54.84.110,10.0.0.225,outlook.office365.com,50978,0,177,TCP,,C:\Users\brene\AppData\Local\Programs\Antigravity\Antigravity.exe,DEVIAN\brene
2025-12-20T13:57:04.028082,C:\Users\brene\AppData\Local\Programs\Antigravity\resources\app\extensions\antigravity\bin\language_server_windows_x64.exe,1f618f841b5922f735789fcb429dce1e,10.0.0.225,34.54.84.110,,443,54,0,TCP,,C:\Users\brene\AppData\Local\Programs\Antigravity\Antigravity.exe,DEVIAN\brene
2025-12-20T13:57:04.030759,C:\Users\brene\AppData\Local\Programs\Antigravity\resources\app\extensions\antigravity\bin\language_server_windows_x64.exe,1f618f841b5922f735789fcb429dce1e,10.0.0.225,34.54.84.110,,443,93,0,TCP,,C:\Users\brene\AppData\Local\Programs\Antigravity\Antigravity.exe,DEVIAN\brene
2025-12-20T13:57:04.033449,C:\Users\brene\AppData\Local\Programs\Antigravity\resources\app\extensions\antigravity\bin\language_server_windows_x64.exe,1f618f841b5922f735789fcb429dce1e,10.0.0.225,34.54.84.110,,443,102,0,TCP,,C:\Users\brene\AppData\Local\Programs\Antigravity\Antigravity.exe,DEVIAN\brene
2025-12-20T13:57:04.037039,C:\Users\brene\AppData\Local\Programs\Antigravity\resources\app\extensions\antigravity\bin\language_server_windows_x64.exe,1f618f841b5922f735789fcb429dce1e,34.54.84.110,10.0.0.225,outlook.office365.com,50978,0,60,TCP,,C:\Users\brene\AppData\Local\Programs\Antigravity\Antigravity.exe,DEVIAN\brene
2025-12-20T13:57:04.042741,C:\Users\brene\AppData\Local\Programs\Antigravity\resources\app\extensions\antigravity\bin\language_server_windows_x64.exe,1f618f841b5922f735789fcb429dce1e,34.54.84.110,10.0.0.225,outlook.office365.com,50978,0,60,TCP,,C:\Users\brene\AppData\Local\Programs\Antigravity\Antigravity.exe,DEVIAN\brene
2025-12-20T13:57:04.049208,unknown,unknown,10.0.0.162,239.255.255.250,,0,0,0,OTHER,,unknown,unknown
2025-12-20T13:57:06.478336,C:\Users\brene\AppData\Local\Keybase\kbfsdokan.exe,0cc7f8a2f707d3904c35e2fd22ab344d,10.0.0.225,54.157.111.222,,443,136,0,TCP,,C:\Users\brene\AppData\Local\Keybase\keybase.exe,DEVIAN\brene
2025-12-20T13:57:06.558414,C:\Users\brene\AppData\Local\Keybase\kbfsdokan.exe,0cc7f8a2f707d3904c35e2fd22ab344d,54.157.111.222,10.0.0.225,outlook.office365.com,51072,0,109,TCP,,C:\Users\brene\AppData\Local\Keybase\keybase.exe,DEVIAN\brene
2025-12-20T13:57:06.612861,C:\Users\brene\AppData\Local\Keybase\kbfsdokan.exe,0cc7f8a2f707d3904c35e2fd22ab344d,10.0.0.225,54.157.111.222,,443,54,0,TCP,,C:\Users\brene\AppData\Local\Keybase\keybase.exe,DEVIAN\brene
2025-12-20T13:57:06.837843,C:\Users\brene\AppData\Local\Programs\Antigravity\resources\app\extensions\antigravity\bin\language_server_windows_x64.exe,1f618f841b5922f735789fcb429dce1e,10.0.0.225,34.54.84.110,,443,249,0,TCP,,C:\Users\brene\AppData\Local\Programs\Antigravity\Antigravity.exe,DEVIAN\brene
2025-12-20T13:57:06.843310,C:\Users\brene\AppData\Local\Programs\Antigravity\resources\app\extensions\antigravity\bin\language_server_windows_x64.exe,1f618f841b5922f735789fcb429dce1e,10.0.0.225,34.54.84.110,,443,452,0,TCP,,C:\Users\brene\AppData\Local\Programs\Antigravity\Antigravity.exe,DEVIAN\brene
2025-12-20T13:57:06.855357,C:\Users\brene\AppData\Local\Programs\Antigravity\resources\app\extensions\antigravity\bin\language_server_windows_x64.exe,1f618f841b5922f735789fcb429dce1e,34.54.84.110,10.0.0.225,outlook.office365.com,50978,0,54,TCP,,C:\Users\brene\AppData\Local\Programs\Antigravity\Antigravity.exe,DEVIAN\brene
2025-12-20T13:57:06.859378,C:\Users\brene\AppData\Local\Programs\Antigravity\resources\app\extensions\antigravity\bin\language_server_windows_x64.exe,1f618f841b5922f735789fcb429dce1e,34.54.84.110,10.0.0.225,outlook.office365.com,50978,0,54,TCP,,C:\Users\brene\AppData\Local\Programs\Antigravity\Antigravity.exe,DEVIAN\brene
2025-12-20T13:57:06.896578,C:\Users\brene\AppData\Local\Programs\Antigravity\resources\app\extensions\antigravity\bin\language_server_windows_x64.exe,1f618f841b5922f735789fcb429dce1e,34.54.84.110,10.0.0.225,outlook.office365.com,50978,0,137,TCP,,C:\Users\brene\AppData\Local\Programs\Antigravity\Antigravity.exe,DEVIAN\brene
2025-12-20T13:57:06.903016,C:\Users\brene\AppData\Local\Programs\Antigravity\resources\app\extensions\antigravity\bin\language_server_windows_x64.exe,1f618f841b5922f735789fcb429dce1e,10.0.0.225,34.54.84.110,,443,93,0,TCP,,C:\Users\brene\AppData\Local\Programs\Antigravity\Antigravity.exe,DEVIAN\brene
2025-12-20T13:57:06.907012,C:\Users\brene\AppData\Local\Programs\Antigravity\resources\app\extensions\antigravity\bin\language_server_windows_x64.exe,1f618f841b5922f735789fcb429dce1e,10.0.0.225,34.54.84.110,,443,54,0,TCP,,C:\Users\brene\AppData\Local\Programs\Antigravity\Antigravity.exe,DEVIAN\brene
2025-12-20T13:57:06.911772,unknown,unknown,34.54.84.110,10.0.0.225,outlook.office365.com,50978,0,60,TCP,,unknown,unknown
2025-12-20T13:57:06.915309,unknown,unknown,34.54.84.110,10.0.0.225,outlook.office365.com,50978,0,54,TCP,,unknown,unknown
2025-12-20T13:57:06.919214,unknown,unknown,10.0.0.225,34.54.84.110,,443,54,0,TCP,,unknown,unknown
2025-12-20T13:57:06.982847,C:\Program Files\WindowsApps\MSTeams_25306.804.4102.7193_x64__8wekyb3d8bbwe\ms-teams.exe,bbe72ec7747d85df8774286e3a5c8dcc,13.91.58.244,10.0.0.225,outlook.office365.com,62494,0,456,TCP,,C:\Program Files\WindowsApps\MSTeams_25306.804.4102.7193_x64__8wekyb3d8bbwe\ms-teams.exe,DEVIAN\brene
2025-12-20T13:57:07.083682,C:\Program Files\WindowsApps\MSTeams_25306.804.4102.7193_x64__8wekyb3d8bbwe\ms-teams.exe,bbe72ec7747d85df8774286e3a5c8dcc,10.0.0.225,13.91.58.244,,443,1332,0,TCP,,C:\Program Files\WindowsApps\MSTeams_25306.804.4102.7193_x64__8wekyb3d8bbwe\ms-teams.exe,DEVIAN\brene
2025-12-20T13:57:07.085886,C:\Program Files\WindowsApps\MSTeams_25306.804.4102.7193_x64__8wekyb3d8bbwe\ms-teams.exe,bbe72ec7747d85df8774286e3a5c8dcc,13.91.58.244,10.0.0.225,outlook.office365.com,62494,0,60,TCP,,C:\Program Files\WindowsApps\MSTeams_25306.804.4102.7193_x64__8wekyb3d8bbwe\ms-teams.exe,DEVIAN\brene
2025-12-20T13:57:07.963314,C:\Windows\System32\svchost.exe,7b88d0896fbf43469a9959d59824a514,10.0.0.225,13.68.233.9,,443,54,0,TCP,,C:\Windows\System32\services.exe,DEVIAN\brene
2025-12-20T13:57:08.046336,unknown,unknown,13.68.233.9,10.0.0.225,outlook.office365.com,52561,0,54,TCP,,unknown,unknown
2025-12-20T13:57:08.053346,unknown,unknown,10.0.0.225,13.68.233.9,,443,54,0,TCP,,unknown,unknown
2025-12-20T13:57:11.512907,unknown,unknown,10.0.0.225,91.189.91.157,,123,90,0,UDP,,unknown,unknown
2025-12-20T13:57:11.595216,unknown,unknown,91.189.91.157,10.0.0.225,outlook.office365.com,51150,0,90,UDP,,unknown,unknown
2025-12-20T13:57:12.437901,C:\Users\brene\AppData\Local\Keybase\keybase.exe,863a3d9a02a9209ee1da10564a775adb,10.0.0.225,44.215.74.30,,443,106,0,TCP,,C:\Users\brene\AppData\Local\Keybase\keybase.exe,DEVIAN\brene
2025-12-20T13:57:12.515213,C:\Users\brene\AppData\Local\Keybase\keybase.exe,863a3d9a02a9209ee1da10564a775adb,44.215.74.30,10.0.0.225,outlook.office365.com,60209,0,83,TCP,,C:\Users\brene\AppData\Local\Keybase\keybase.exe,DEVIAN\brene
2025-12-20T13:57:12.565219,C:\Users\brene\AppData\Local\Keybase\keybase.exe,863a3d9a02a9209ee1da10564a775adb,10.0.0.225,44.215.74.30,,443,54,0,TCP,,C:\Users\brene\AppData\Local\Keybase\keybase.exe,DEVIAN\brene
2025-12-20T13:57:16.478591,C:\Users\brene\AppData\Local\Keybase\kbfsdokan.exe,0cc7f8a2f707d3904c35e2fd22ab344d,10.0.0.225,54.157.111.222,,443,136,0,TCP,,C:\Users\brene\AppData\Local\Keybase\keybase.exe,DEVIAN\brene
2025-12-20T13:57:16.553808,C:\Users\brene\AppData\Local\Keybase\kbfsdokan.exe,0cc7f8a2f707d3904c35e2fd22ab344d,54.157.111.222,10.0.0.225,outlook.office365.com,51072,0,109,TCP,,C:\Users\brene\AppData\Local\Keybase\keybase.exe,DEVIAN\brene
2025-12-20T13:57:16.597317,C:\Users\brene\AppData\Local\Keybase\kbfsdokan.exe,0cc7f8a2f707d3904c35e2fd22ab344d,10.0.0.225,54.157.111.222,,443,54,0,TCP,,C:\Users\brene\AppData\Local\Keybase\keybase.exe,DEVIAN\brene
2025-12-20T13:57:17.747345,unknown,unknown,10.0.0.225,64.59.144.17,antigravity-unleash.goog,53,84,0,UDP,antigravity-unleash.goog,unknown,unknown
2025-12-20T13:57:17.763162,unknown,unknown,64.59.144.17,10.0.0.225,antigravity-unleash.goog,58749,0,169,UDP,antigravity-unleash.goog,unknown,unknown
2025-12-20T13:57:17.769859,C:\Users\brene\AppData\Local\Programs\Antigravity\resources\app\extensions\antigravity\bin\language_server_windows_x64.exe,1f618f841b5922f735789fcb429dce1e,10.0.0.225,34.54.84.110,,443,66,0,TCP,,C:\Users\brene\AppData\Local\Programs\Antigravity\Antigravity.exe,DEVIAN\brene
2025-12-20T13:57:17.782168,C:\Users\brene\AppData\Local\Programs\Antigravity\resources\app\extensions\antigravity\bin\language_server_windows_x64.exe,1f618f841b5922f735789fcb429dce1e,34.54.84.110,10.0.0.225,antigravity-unleash.goog,52844,0,66,TCP,,C:\Users\brene\AppData\Local\Programs\Antigravity\Antigravity.exe,DEVIAN\brene
2025-12-20T13:57:17.791742,C:\Users\brene\AppData\Local\Programs\Antigravity\resources\app\extensions\antigravity\bin\language_server_windows_x64.exe,1f618f841b5922f735789fcb429dce1e,10.0.0.225,34.54.84.110,,443,54,0,TCP,,C:\Users\brene\AppData\Local\Programs\Antigravity\Antigravity.exe,DEVIAN\brene
2025-12-20T13:57:17.797914,C:\Users\brene\AppData\Local\Programs\Antigravity\resources\app\extensions\antigravity\bin\language_server_windows_x64.exe,1f618f841b5922f735789fcb429dce1e,10.0.0.225,34.54.84.110,,443,1588,0,TCP,,C:\Users\brene\AppData\Local\Programs\Antigravity\Antigravity.exe,DEVIAN\brene
2025-12-20T13:57:17.803317,C:\Users\brene\AppData\Local\Programs\Antigravity\resources\app\extensions\antigravity\bin\language_server_windows_x64.exe,1f618f841b5922f735789fcb429dce1e,34.54.84.110,10.0.0.225,antigravity-unleash.goog,52844,0,54,TCP,,C:\Users\brene\AppData\Local\Programs\Antigravity\Antigravity.exe,DEVIAN\brene
2025-12-20T13:57:17.813699,C:\Users\brene\AppData\Local\Programs\Antigravity\resources\app\extensions\antigravity\bin\language_server_windows_x64.exe,1f618f841b5922f735789fcb429dce1e,34.54.84.110,10.0.0.225,antigravity-unleash.goog,52844,0,54,TCP,,C:\Users\brene\AppData\Local\Programs\Antigravity\Antigravity.exe,DEVIAN\brene
2025-12-20T13:57:17.822914,C:\Users\brene\AppData\Local\Programs\Antigravity\resources\app\extensions\antigravity\bin\language_server_windows_x64.exe,1f618f841b5922f735789fcb429dce1e,34.54.84.110,10.0.0.225,antigravity-unleash.goog,52844,0,1466,TCP,,C:\Users\brene\AppData\Local\Programs\Antigravity\Antigravity.exe,DEVIAN\brene
2025-12-20T13:57:17.832039,C:\Users\brene\AppData\Local\Programs\Antigravity\resources\app\extensions\antigravity\bin\language_server_windows_x64.exe,1f618f841b5922f735789fcb429dce1e,34.54.84.110,10.0.0.225,antigravity-unleash.goog,52844,0,1466,TCP,,C:\Users\brene\AppData\Local\Programs\Antigravity\Antigravity.exe,DEVIAN\brene
2025-12-20T13:57:17.839802,C:\Users\brene\AppData\Local\Programs\Antigravity\resources\app\extensions\antigravity\bin\language_server_windows_x64.exe,1f618f841b5922f735789fcb429dce1e,34.54.84.110,10.0.0.225,antigravity-unleash.goog,52844,0,1466,TCP,,C:\Users\brene\AppData\Local\Programs\Antigravity\Antigravity.exe,DEVIAN\brene
2025-12-20T13:57:17.847731,C:\Users\brene\AppData\Local\Programs\Antigravity\resources\app\extensions\antigravity\bin\language_server_windows_x64.exe,1f618f841b5922f735789fcb429dce1e,10.0.0.225,34.54.84.110,,443,54,0,TCP,,C:\Users\brene\AppData\Local\Programs\Antigravity\Antigravity.exe,DEVIAN\brene
2025-12-20T13:57:17.852465,C:\Users\brene\AppData\Local\Programs\Antigravity\resources\app\extensions\antigravity\bin\language_server_windows_x64.exe,1f618f841b5922f735789fcb429dce1e,34.54.84.110,10.0.0.225,antigravity-unleash.goog,52844,0,335,TCP,,C:\Users\brene\AppData\Local\Programs\Antigravity\Antigravity.exe,DEVIAN\brene
2025-12-20T13:57:17.859693,C:\Users\brene\AppData\Local\Programs\Antigravity\resources\app\extensions\antigravity\bin\language_server_windows_x64.exe,1f618f841b5922f735789fcb429dce1e,10.0.0.225,34.54.84.110,,443,54,0,TCP,,C:\Users\brene\AppData\Local\Programs\Antigravity\Antigravity.exe,DEVIAN\brene
2025-12-20T13:57:17.864351,C:\Users\brene\AppData\Local\Programs\Antigravity\resources\app\extensions\antigravity\bin\language_server_windows_x64.exe,1f618f841b5922f735789fcb429dce1e,10.0.0.225,34.54.84.110,,443,118,0,TCP,,C:\Users\brene\AppData\Local\Programs\Antigravity\Antigravity.exe,DEVIAN\brene
2025-12-20T13:57:17.868834,C:\Users\brene\AppData\Local\Programs\Antigravity\resources\app\extensions\antigravity\bin\language_server_windows_x64.exe,1f618f841b5922f735789fcb429dce1e,10.0.0.225,34.54.84.110,,443,146,0,TCP,,C:\Users\brene\AppData\Local\Programs\Antigravity\Antigravity.exe,DEVIAN\brene
2025-12-20T13:57:17.873202,C:\Users\brene\AppData\Local\Programs\Antigravity\resources\app\extensions\antigravity\bin\language_server_windows_x64.exe,1f618f841b5922f735789fcb429dce1e,10.0.0.225,34.54.84.110,,443,396,0,TCP,,C:\Users\brene\AppData\Local\Programs\Antigravity\Antigravity.exe,DEVIAN\brene
2025-12-20T13:57:17.878525,C:\Users\brene\AppData\Local\Programs\Antigravity\resources\app\extensions\antigravity\bin\language_server_windows_x64.exe,1f618f841b5922f735789fcb429dce1e,34.54.84.110,10.0.0.225,antigravity-unleash.goog,52844,0,116,TCP,,C:\Users\brene\AppData\Local\Programs\Antigravity\Antigravity.exe,DEVIAN\brene
2025-12-20T13:57:17.885854,C:\Users\brene\AppData\Local\Programs\Antigravity\resources\app\extensions\antigravity\bin\language_server_windows_x64.exe,1f618f841b5922f735789fcb429dce1e,10.0.0.225,34.54.84.110,,443,85,0,TCP,,C:\Users\brene\AppData\Local\Programs\Antigravity\Antigravity.exe,DEVIAN\brene
2025-12-20T13:57:17.890362,C:\Users\brene\AppData\Local\Programs\Antigravity\resources\app\extensions\antigravity\bin\language_server_windows_x64.exe,1f618f841b5922f735789fcb429dce1e,34.54.84.110,10.0.0.225,antigravity-unleash.goog,52844,0,85,TCP,,C:\Users\brene\AppData\Local\Programs\Antigravity\Antigravity.exe,DEVIAN\brene
2025-12-20T13:57:17.898376,C:\Users\brene\AppData\Local\Programs\Antigravity\resources\app\extensions\antigravity\bin\language_server_windows_x64.exe,1f618f841b5922f735789fcb429dce1e,34.54.84.110,10.0.0.225,antigravity-unleash.goog,52844,0,54,TCP,,C:\Users\brene\AppData\Local\Programs\Antigravity\Antigravity.exe,DEVIAN\brene
2025-12-20T13:57:17.908412,C:\Users\brene\AppData\Local\Programs\Antigravity\resources\app\extensions\antigravity\bin\language_server_windows_x64.exe,1f618f841b5922f735789fcb429dce1e,34.54.84.110,10.0.0.225,antigravity-unleash.goog,52844,0,54,TCP,,C:\Users\brene\AppData\Local\Programs\Antigravity\Antigravity.exe,DEVIAN\brene
2025-12-20T13:57:17.915657,unknown,unknown,10.0.0.225,34.54.84.110,,443,54,0,TCP,,unknown,unknown
2025-12-20T13:57:17.927280,unknown,unknown,34.54.84.110,10.0.0.225,antigravity-unleash.goog,52844,0,233,TCP,,unknown,unknown
2025-12-20T13:57:17.939957,unknown,unknown,10.0.0.225,34.54.84.110,,443,93,0,TCP,,unknown,unknown
2025-12-20T13:57:17.951987,unknown,unknown,10.0.0.225,34.54.84.110,,443,54,0,TCP,,unknown,unknown
2025-12-20T13:57:17.964168,unknown,unknown,34.54.84.110,10.0.0.225,antigravity-unleash.goog,52844,0,54,TCP,,unknown,unknown
2025-12-20T13:57:17.974870,unknown,unknown,10.0.0.225,34.54.84.110,,443,54,0,TCP,,unknown,unknown
2025-12-20T13:57:19.828872,unknown,unknown,10.0.0.1,239.255.255.250,,0,0,0,OTHER,,unknown,unknown
2025-12-20T13:57:19.839985,unknown,unknown,10.0.0.162,239.255.255.250,,0,0,0,OTHER,,unknown,unknown
2025-12-20T13:57:22.437558,C:\Users\brene\AppData\Local\Keybase\keybase.exe,863a3d9a02a9209ee1da10564a775adb,10.0.0.225,44.215.74.30,,443,106,0,TCP,,C:\Users\brene\AppData\Local\Keybase\keybase.exe,DEVIAN\brene
2025-12-20T13:57:22.514660,C:\Users\brene\AppData\Local\Keybase\keybase.exe,863a3d9a02a9209ee1da10564a775adb,44.215.74.30,10.0.0.225,antigravity-unleash.goog,60209,0,83,TCP,,C:\Users\brene\AppData\Local\Keybase\keybase.exe,DEVIAN\brene
2025-12-20T13:57:22.562099,C:\Users\brene\AppData\Local\Keybase\keybase.exe,863a3d9a02a9209ee1da10564a775adb,10.0.0.225,44.215.74.30,,443,54,0,TCP,,C:\Users\brene\AppData\Local\Keybase\keybase.exe,DEVIAN\brene
2025-12-20T13:57:26.478003,C:\Users\brene\AppData\Local\Keybase\kbfsdokan.exe,0cc7f8a2f707d3904c35e2fd22ab344d,10.0.0.225,54.157.111.222,,443,136,0,TCP,,C:\Users\brene\AppData\Local\Keybase\keybase.exe,DEVIAN\brene
2025-12-20T13:57:26.557747,C:\Users\brene\AppData\Local\Keybase\kbfsdokan.exe,0cc7f8a2f707d3904c35e2fd22ab344d,54.157.111.222,10.0.0.225,antigravity-unleash.goog,51072,0,109,TCP,,C:\Users\brene\AppData\Local\Keybase\keybase.exe,DEVIAN\brene
2025-12-20T13:57:26.596680,C:\Users\brene\AppData\Local\Keybase\kbfsdokan.exe,0cc7f8a2f707d3904c35e2fd22ab344d,10.0.0.225,54.157.111.222,,443,54,0,TCP,,C:\Users\brene\AppData\Local\Keybase\keybase.exe,DEVIAN\brene
2025-12-20T13:57:27.566938,unknown,unknown,10.0.0.162,239.255.255.250,,0,0,0,OTHER,,unknown,unknown
